.build/core-tests: replacing existing signature
.build/core-tests: valid on disk
.build/core-tests: satisfies its Designated Requirement
CoreTests passed: sources, JSON, bounded overflow, drain, timing frontiers and timebases
.build/recording-tests: replacing existing signature
Recording writer failure: Error Domain=NSCocoaErrorDomain Code=516 "The file “occupied” couldn’t be saved in the folder “377BE5C4-A399-4CE0-8E10-ED3D4B685834” because a file with the same name already exists." UserInfo={NSFilePath=/var/folders/4g/7tqgvm2518sg7rht3rtw5fhc0000gn/T/377BE5C4-A399-4CE0-8E10-ED3D4B685834/occupied, NSURL=file:///var/folders/4g/7tqgvm2518sg7rht3rtw5fhc0000gn/T/377BE5C4-A399-4CE0-8E10-ED3D4B685834/occupied, NSUnderlyingError=0x77490e00c0 {Error Domain=NSPOSIXErrorDomain Code=17 "File exists"}}
MP3 16000 Hz / 1 input channels: 79464 bytes, 10 seconds, readable
MP3 48000 Hz / 2 input channels: 79488 bytes, 10 seconds, readable
BatchTests passed: 15-second fallback, pause boundaries, closed playable MP3 parts, recording recovery
LegacyRecoveryTests passed: preserved M4A, playable MP3 batch, exact manifest timing
RecordingTests passed: MP3, size, bounded queue, nonblocking producer, disk failure, partial recording
.build/abi-tests: replacing existing signature
.build/abi-tests: valid on disk
.build/abi-tests: satisfies its Designated Requirement
ABITests passed: off-main synthetic setup/pump/results/finish, main-queue ordered callbacks, cancellation/no deadlock, immediate C controls, terminal cleanup, invalid rejection

SpeechCore-1.o:
0000000000004818 T _$s10Foundation4DataV15_RepresentationOWOe
00000000000046d8 T _$s10Foundation4DataV15_RepresentationOWOy
0000000000006990 D _$s10Foundation4DataVACSlAAWL
0000000000004750 T _$s10Foundation4DataVACSlAAWl
0000000000004524 T _$s15Synchronization5MutexVAARi_zrlE8withLockyqd__qd__xzYuqd_0_YKYTXEqd_0_YKs5ErrorRd_0_Ri_d__r0_lF6$deferL_yysAERd_0_Ri_zRi_d__r_0_lF
000000000000454c T _$s15Synchronization5MutexVy8QLSpeech17SpeechTimingStateVGWOh
00000000000075a8 S _$s8QLSpeech11SpeechEventV10CodingKeys025_FF2AC22499CB7F5F167D80C4L6D66125LLOMXX
0000000000001844 T _$s8QLSpeech11SpeechEventV10inputAgeMsSdSgvM
000000000000182c T _$s8QLSpeech11SpeechEventV10inputAgeMsSdSgvg
0000000000001820 T _$s8QLSpeech11SpeechEventV10inputAgeMsSdSgvpfi
0000000000001838 T _$s8QLSpeech11SpeechEventV10inputAgeMsSdSgvs
0000000000001700 T _$s8QLSpeech11SpeechEventV10inputCountSiSgvM
00000000000016e8 T _$s8QLSpeech11SpeechEventV10inputCountSiSgvg
00000000000016dc T _$s8QLSpeech11SpeechEventV10inputCountSiSgvpfi
00000000000016f4 T _$s8QLSpeech11SpeechEventV10inputCountSiSgvs
0000000000001764 T _$s8QLSpeech11SpeechEventV11fastResultsSbSgvM
0000000000001754 T _$s8QLSpeech11SpeechEventV11fastResultsSbSgvg
000000000000174c T _$s8QLSpeech11SpeechEventV11fastResultsSbSgvpfi
000000000000175c T _$s8QLSpeech11SpeechEventV11fastResultsSbSgvs
0000000000001738 T _$s8QLSpeech11SpeechEventV11resultCountSiSgvM
0000000000001720 T _$s8QLSpeech11SpeechEventV11resultCountSiSgvg
0000000000001714 T _$s8QLSpeech11SpeechEventV11resultCountSiSgvpfi
000000000000172c T _$s8QLSpeech11SpeechEventV11resultCountSiSgvs
000000000000187c T _$s8QLSpeech11SpeechEventV13firstResultMsSdSgvM
0000000000001864 T _$s8QLSpeech11SpeechEventV13firstResultMsSdSgvg
0000000000001858 T _$s8QLSpeech11SpeechEventV13firstResultMsSdSgvpfi
0000000000001870 T _$s8QLSpeech11SpeechEventV13firstResultMsSdSgvs
000000000000180c T _$s8QLSpeech11SpeechEventV13inputFrontierSdSgvM
00000000000017f4 T _$s8QLSpeech11SpeechEventV13inputFrontierSdSgvg
00000000000017e8 T _$s8QLSpeech11SpeechEventV13inputFrontierSdSgvpfi
0000000000001800 T _$s8QLSpeech11SpeechEventV13inputFrontierSdSgvs
00000000000018b4 T _$s8QLSpeech11SpeechEventV14dispatchWaitMsSdSgvM
000000000000189c T _$s8QLSpeech11SpeechEventV14dispatchWaitMsSdSgvg
0000000000001890 T _$s8QLSpeech11SpeechEventV14dispatchWaitMsSdSgvpfi
00000000000018a8 T _$s8QLSpeech11SpeechEventV14dispatchWaitMsSdSgvs
00000000000017d4 T _$s8QLSpeech11SpeechEventV14producedUptimeSdSgvM
00000000000017bc T _$s8QLSpeech11SpeechEventV14producedUptimeSdSgvg
00000000000017b0 T _$s8QLSpeech11SpeechEventV14producedUptimeSdSgvpfi
00000000000017c8 T _$s8QLSpeech11SpeechEventV14producedUptimeSdSgvs
0000000000001600 T _$s8QLSpeech11SpeechEventV3endSdSgvM
00000000000015e8 T _$s8QLSpeech11SpeechEventV3endSdSgvg
00000000000015dc T _$s8QLSpeech11SpeechEventV3endSdSgvpfi
00000000000015f4 T _$s8QLSpeech11SpeechEventV3endSdSgvs
00000000000018c8 T _$s8QLSpeech11SpeechEventV4jsonSSvg
0000000000001590 T _$s8QLSpeech11SpeechEventV4textSSSgvM
0000000000001514 T _$s8QLSpeech11SpeechEventV4textSSSgvg
0000000000001508 T _$s8QLSpeech11SpeechEventV4textSSSgvpfi
0000000000001548 T _$s8QLSpeech11SpeechEventV4textSSSgvs
0000000000001438 T _$s8QLSpeech11SpeechEventV4typeSSvg
00000000000015c8 T _$s8QLSpeech11SpeechEventV5startSdSgvM
00000000000015b0 T _$s8QLSpeech11SpeechEventV5startSdSgvg
00000000000015a4 T _$s8QLSpeech11SpeechEventV5startSdSgvpfi
00000000000015bc T _$s8QLSpeech11SpeechEventV5startSdSgvs
00000000000014f4 T _$s8QLSpeech11SpeechEventV5stateSSSgvM
0000000000001478 T _$s8QLSpeech11SpeechEventV5stateSSSgvg
000000000000146c T _$s8QLSpeech11SpeechEventV5stateSSSgvpfi
00000000000014ac T _$s8QLSpeech11SpeechEventV5stateSSSgvs
0000000000002e08 T _$s8QLSpeech11SpeechEventV6encode2toys7Encoder_p_tKF
000000000000162c T _$s8QLSpeech11SpeechEventV7isFinalSbSgvM
000000000000161c T _$s8QLSpeech11SpeechEventV7isFinalSbSgvg
0000000000001614 T _$s8QLSpeech11SpeechEventV7isFinalSbSgvpfi
0000000000001624 T _$s8QLSpeech11SpeechEventV7isFinalSbSgvs
00000000000016c8 T _$s8QLSpeech11SpeechEventV7messageSSSgvM
000000000000164c T _$s8QLSpeech11SpeechEventV7messageSSSgvg
0000000000001640 T _$s8QLSpeech11SpeechEventV7messageSSSgvpfi
0000000000001680 T _$s8QLSpeech11SpeechEventV7messageSSSgvs
000000000000179c T _$s8QLSpeech11SpeechEventV8resultIdSiSgvM
0000000000001784 T _$s8QLSpeech11SpeechEventV8resultIdSiSgvg
0000000000001778 T _$s8QLSpeech11SpeechEventV8resultIdSiSgvpfi
0000000000001790 T _$s8QLSpeech11SpeechEventV8resultIdSiSgvs
00000000000038c0 T _$s8QLSpeech11SpeechEventV9sessionId4type5state4text5start3end7isFinal7message10inputCount06resultO011fastResults0pE014producedUptime0N8Frontier0N5AgeMs011firstResultW0012dispatchWaitW0ACSS_S2SSgAUSdSgAVSbSgAUSiSgAxwx5VtcfC
0000000000003878 T _$s8QLSpeech11SpeechEventV9sessionId4type5state4text5start3end7isFinal7message10inputCount06resultO011fastResults0pE014producedUptime0N8Frontier0N5AgeMs011firstResultW0012dispatchWaitW0ACSS_S2SSgAUSdSgAVSbSgAUSiSgAxwx5VtcfcfA10_
0000000000003884 T _$s8QLSpeech11SpeechEventV9sessionId4type5state4text5start3end7isFinal7message10inputCount06resultO011fastResults0pE014producedUptime0N8Frontier0N5AgeMs011firstResultW0012dispatchWaitW0ACSS_S2SSgAUSdSgAVSbSgAUSiSgAxwx5VtcfcfA11_
0000000000003890 T _$s8QLSpeech11SpeechEventV9sessionId4type5state4text5start3end7isFinal7message10inputCount06resultO011fastResults0pE014producedUptime0N8Frontier0N5AgeMs011firstResultW0012dispatchWaitW0ACSS_S2SSgAUSdSgAVSbSgAUSiSgAxwx5VtcfcfA12_
000000000000389c T _$s8QLSpeech11SpeechEventV9sessionId4type5state4text5start3end7isFinal7message10inputCount06resultO011fastResults0pE014producedUptime0N8Frontier0N5AgeMs011firstResultW0012dispatchWaitW0ACSS_S2SSgAUSdSgAVSbSgAUSiSgAxwx5VtcfcfA13_
00000000000038a8 T _$s8QLSpeech11SpeechEventV9sessionId4type5state4text5start3end7isFinal7message10inputCount06resultO011fastResults0pE014producedUptime0N8Frontier0N5AgeMs011firstResultW0012dispatchWaitW0ACSS_S2SSgAUSdSgAVSbSgAUSiSgAxwx5VtcfcfA14_
00000000000038b4 T _$s8QLSpeech11SpeechEventV9sessionId4type5state4text5start3end7isFinal7message10inputCount06resultO011fastResults0pE014producedUptime0N8Frontier0N5AgeMs011firstResultW0012dispatchWaitW0ACSS_S2SSgAUSdSgAVSbSgAUSiSgAxwx5VtcfcfA15_
0000000000003814 T _$s8QLSpeech11SpeechEventV9sessionId4type5state4text5start3end7isFinal7message10inputCount06resultO011fastResults0pE014producedUptime0N8Frontier0N5AgeMs011firstResultW0012dispatchWaitW0ACSS_S2SSgAUSdSgAVSbSgAUSiSgAxwx5VtcfcfA1_
0000000000003820 T _$s8QLSpeech11SpeechEventV9sessionId4type5state4text5start3end7isFinal7message10inputCount06resultO011fastResults0pE014producedUptime0N8Frontier0N5AgeMs011firstResultW0012dispatchWaitW0ACSS_S2SSgAUSdSgAVSbSgAUSiSgAxwx5VtcfcfA2_
000000000000382c T _$s8QLSpeech11SpeechEventV9sessionId4type5state4text5start3end7isFinal7message10inputCount06resultO011fastResults0pE014producedUptime0N8Frontier0N5AgeMs011firstResultW0012dispatchWaitW0ACSS_S2SSgAUSdSgAVSbSgAUSiSgAxwx5VtcfcfA3_
0000000000003838 T _$s8QLSpeech11SpeechEventV9sessionId4type5state4text5start3end7isFinal7message10inputCount06resultO011fastResults0pE014producedUptime0N8Frontier0N5AgeMs011firstResultW0012dispatchWaitW0ACSS_S2SSgAUSdSgAVSbSgAUSiSgAxwx5VtcfcfA4_
0000000000003844 T _$s8QLSpeech11SpeechEventV9sessionId4type5state4text5start3end7isFinal7message10inputCount06resultO011fastResults0pE014producedUptime0N8Frontier0N5AgeMs011firstResultW0012dispatchWaitW0ACSS_S2SSgAUSdSgAVSbSgAUSiSgAxwx5VtcfcfA5_
000000000000384c T _$s8QLSpeech11SpeechEventV9sessionId4type5state4text5start3end7isFinal7message10inputCount06resultO011fastResults0pE014producedUptime0N8Frontier0N5AgeMs011firstResultW0012dispatchWaitW0ACSS_S2SSgAUSdSgAVSbSgAUSiSgAxwx5VtcfcfA6_
0000000000003858 T _$s8QLSpeech11SpeechEventV9sessionId4type5state4text5start3end7isFinal7message10inputCount06resultO011fastResults0pE014producedUptime0N8Frontier0N5AgeMs011firstResultW0012dispatchWaitW0ACSS_S2SSgAUSdSgAVSbSgAUSiSgAxwx5VtcfcfA7_
0000000000003864 T _$s8QLSpeech11SpeechEventV9sessionId4type5state4text5start3end7isFinal7message10inputCount06resultO011fastResults0pE014producedUptime0N8Frontier0N5AgeMs011firstResultW0012dispatchWaitW0ACSS_S2SSgAUSdSgAVSbSgAUSiSgAxwx5VtcfcfA8_
0000000000003870 T _$s8QLSpeech11SpeechEventV9sessionId4type5state4text5start3end7isFinal7message10inputCount06resultO011fastResults0pE014producedUptime0N8Frontier0N5AgeMs011firstResultW0012dispatchWaitW0ACSS_S2SSgAUSdSgAVSbSgAUSiSgAxwx5VtcfcfA9_
0000000000001404 T _$s8QLSpeech11SpeechEventV9sessionIdSSvg
0000000000006988 D _$s8QLSpeech11SpeechEventVACSEAAWL
0000000000004670 T _$s8QLSpeech11SpeechEventVACSEAAWl
0000000000006030 T _$s8QLSpeech11SpeechEventVMa
000000000000758c S _$s8QLSpeech11SpeechEventVMn
00000000000071a8 S _$s8QLSpeech11SpeechEventVN
0000000000006c58 S _$s8QLSpeech11SpeechEventVSEAAMc
0000000000003ed0 T _$s8QLSpeech12BoundedInputC4pushyyxKF
0000000000004320 T _$s8QLSpeech12BoundedInputC6finish8throwingys5Error_pSg_tF
0000000000003a9c T _$s8QLSpeech12BoundedInputC6streamScsyxs5Error_pGvg
0000000000003b94 T _$s8QLSpeech12BoundedInputC8capacityACyxGSi_tcfC
0000000000007614 S _$s8QLSpeech12BoundedInputC8capacityACyxGSi_tcfCTq
0000000000003bdc T _$s8QLSpeech12BoundedInputC8capacityACyxGSi_tcfc
0000000000006524 T _$s8QLSpeech12BoundedInputCMa
00000000000075cc S _$s8QLSpeech12BoundedInputCMn
00000000000044a0 T _$s8QLSpeech12BoundedInputCfD
00000000000043cc T _$s8QLSpeech12BoundedInputCfd
0000000000000e78 T _$s8QLSpeech12SpeechSourceO5parseyACSSKFZ
00000000000010d4 T _$s8QLSpeech12SpeechSourceO8rawValueACSgSS_tcfC
0000000000001240 T _$s8QLSpeech12SpeechSourceO8rawValueSSvg
00000000000069b8 D _$s8QLSpeech12SpeechSourceOACSQAAWL
0000000000004bc0 T _$s8QLSpeech12SpeechSourceOACSQAAWl
0000000000006980 D _$s8QLSpeech12SpeechSourceOACSYAAWL
0000000000004608 T _$s8QLSpeech12SpeechSourceOACSYAAWl
00000000000057ac T _$s8QLSpeech12SpeechSourceOMa
0000000000007570 S _$s8QLSpeech12SpeechSourceOMn
0000000000007130 S _$s8QLSpeech12SpeechSourceON
0000000000006be0 S _$s8QLSpeech12SpeechSourceOSHAAMc
0000000000006bb8 S _$s8QLSpeech12SpeechSourceOSQAAMc
0000000000006c20 S _$s8QLSpeech12SpeechSourceOSYAAMc
0000000000000790 T _$s8QLSpeech12SpeechTimingC5input5start8durationySdSg_SdtF
0000000000000730 T _$s8QLSpeech12SpeechTimingC5state025_FF2AC22499CB7F5F167D80C4K6D66125LL15Synchronization5MutexVyAA0bC5StateVGvpfi
0000000000000938 T _$s8QLSpeech12SpeechTimingC6result3endySd_tF
0000000000000aa0 T _$s8QLSpeech12SpeechTimingC8snapshotAA0bC5StateVyF
0000000000000c38 T _$s8QLSpeech12SpeechTimingCACycfC
000000000000754c S _$s8QLSpeech12SpeechTimingCACycfCTq
0000000000000c70 T _$s8QLSpeech12SpeechTimingCACycfc
0000000000004fbc T _$s8QLSpeech12SpeechTimingCMa
00000000000069c0 D _$s8QLSpeech12SpeechTimingCMm
0000000000007518 S _$s8QLSpeech12SpeechTimingCMn
0000000000006a00 D _$s8QLSpeech12SpeechTimingCN
0000000000000bfc T _$s8QLSpeech12SpeechTimingCfD
0000000000000bcc T _$s8QLSpeech12SpeechTimingCfd
0000000000006b30 S _$s8QLSpeech13SpeechFailureV10Foundation14LocalizedErrorAAMc
0000000000000d8c T _$s8QLSpeech13SpeechFailureV16errorDescriptionSSSgvg
0000000000000cdc T _$s8QLSpeech13SpeechFailureV7messageSSvg
0000000000006978 D _$s8QLSpeech13SpeechFailureVACs5ErrorAAWL
00000000000045a0 T _$s8QLSpeech13SpeechFailureVACs5ErrorAAWl
0000000000005414 T _$s8QLSpeech13SpeechFailureVMa
0000000000007554 S _$s8QLSpeech13SpeechFailureVMn
0000000000007098 S _$s8QLSpeech13SpeechFailureVN
0000000000004550 T _$s8QLSpeech13SpeechFailureVWOh
0000000000006b78 S _$s8QLSpeech13SpeechFailureVs5ErrorAAMc
0000000000000d0c T _$s8QLSpeech13SpeechFailureVyACSScfC
0000000000000098 T _$s8QLSpeech17SpeechTimingStateV10inputCountSivg
0000000000000090 T _$s8QLSpeech17SpeechTimingStateV10inputCountSivpfi
00000000000000a0 T _$s8QLSpeech17SpeechTimingStateV10inputCountSivs
0000000000000104 T _$s8QLSpeech17SpeechTimingStateV11recordInput5start8duration3nowySdSg_S2dtF
00000000000000b0 T _$s8QLSpeech17SpeechTimingStateV11resultCountSivg
00000000000000a8 T _$s8QLSpeech17SpeechTimingStateV11resultCountSivpfi
00000000000000b8 T _$s8QLSpeech17SpeechTimingStateV11resultCountSivs
0000000000000388 T _$s8QLSpeech17SpeechTimingStateV12recordResult3end3nowySd_SdtF
00000000000000e4 T _$s8QLSpeech17SpeechTimingStateV13validTimebase025_FF2AC22499CB7F5F167D80C4M6D66125LLSbvpfi
00000000000000cc T _$s8QLSpeech17SpeechTimingStateV15lastInputUptimeSdSgvg
00000000000000c0 T _$s8QLSpeech17SpeechTimingStateV15lastInputUptimeSdSgvpfi
00000000000000d8 T _$s8QLSpeech17SpeechTimingStateV15lastInputUptimeSdSgvs
0000000000000054 T _$s8QLSpeech17SpeechTimingStateV16firstInputUptimeSdSgvg
0000000000000048 T _$s8QLSpeech17SpeechTimingStateV16firstInputUptimeSdSgvpfi
0000000000000060 T _$s8QLSpeech17SpeechTimingStateV16firstInputUptimeSdSgvs
0000000000000078 T _$s8QLSpeech17SpeechTimingStateV18firstResultSecondsSdSgvg
000000000000006c T _$s8QLSpeech17SpeechTimingStateV18firstResultSecondsSdSgvpfi
0000000000000084 T _$s8QLSpeech17SpeechTimingStateV18firstResultSecondsSdSgvs
00000000000006b0 T _$s8QLSpeech17SpeechTimingStateV8frontier9resultEnd16firstInputUptime0H13ResultSeconds10inputCount0fN004lastiJ0ACSdSg_A3KS2iAKtcfC
00000000000006a0 T _$s8QLSpeech17SpeechTimingStateV8frontier9resultEnd16firstInputUptime0H13ResultSeconds10inputCount0fN004lastiJ0ACSdSg_A3KS2iAKtcfcfA3_
00000000000006a8 T _$s8QLSpeech17SpeechTimingStateV8frontier9resultEnd16firstInputUptime0H13ResultSeconds10inputCount0fN004lastiJ0ACSdSg_A3KS2iAKtcfcfA4_
000000000000000c T _$s8QLSpeech17SpeechTimingStateV8frontierSdSgvg
0000000000000000 T _$s8QLSpeech17SpeechTimingStateV8frontierSdSgvpfi
0000000000000018 T _$s8QLSpeech17SpeechTimingStateV8frontierSdSgvs
0000000000000030 T _$s8QLSpeech17SpeechTimingStateV9resultEndSdSgvg
0000000000000024 T _$s8QLSpeech17SpeechTimingStateV9resultEndSdSgvpfi
000000000000003c T _$s8QLSpeech17SpeechTimingStateV9resultEndSdSgvs
0000000000000504 T _$s8QLSpeech17SpeechTimingStateV9resultGapSdSgvg
000000000000060c T _$s8QLSpeech17SpeechTimingStateVACycfC
0000000000004fa8 T _$s8QLSpeech17SpeechTimingStateVMa
00000000000074fc S _$s8QLSpeech17SpeechTimingStateVMn
0000000000007000 S _$s8QLSpeech17SpeechTimingStateVN
00000000000074f0 S _$s8QLSpeechMXM
00000000000069b0 D _$sS2cEs5ErrorsWL
0000000000004b2c T _$sS2cEs5ErrorsWl
00000000000066b8 T _$sSSWOh
00000000000066e0 T _$sSa12_endMutationyyF
0000000000003ec0 T _$sScs10makeStream2of8throwing15bufferingPolicyScsyxs5Error_pG6stream_Scs12ContinuationVyxsAE_p_G12continuationtxm_sAE_pmAI09BufferingF0OyxsAE_p__GtsAE_pRs_rlFZfA0_
0000000000003eac T _$sScs10makeStream2of8throwing15bufferingPolicyScsyxs5Error_pG6stream_Scs12ContinuationVyxsAE_p_G12continuationtxm_sAE_pmAI09BufferingF0OyxsAE_p__GtsAE_pRs_rlFZfA_
0000000000004ad8 T _$sScsyxs5Error_pG6stream_Scs12ContinuationVyxsAA_p_G12continuationts8SendableRzlWOh
00000000000044ec T _$sSpsRi_zrlE10initialize2toyxn_tF
0000000000004aa4 T _$ss12precondition__4file4lineySbyXK_SSyXKs12StaticStringVSutFfA0_SSycfu_
0000000000006b20 S _$ss22KeyedEncodingContainerVy8QLSpeech11SpeechEventV10CodingKeys025_FF2AC22499CB7F5F167D80C4O6D66125LLOGMR
00000000000069a0 D _$ss22KeyedEncodingContainerVy8QLSpeech11SpeechEventV10CodingKeys025_FF2AC22499CB7F5F167D80C4O6D66125LLOGMd
0000000000004578 T _$ss26DefaultStringInterpolationVWOh
0000000000001200 T _$ss27_finalizeUninitializedArrayySayxGABnlF
0000000000006b28 S _$ss5Error_pMR
00000000000069a8 D _$ss5Error_pMd
0000000000006998 D _$ss7UnicodeO4UTF8OADs01_A8EncodingsWL
00000000000047b4 T _$ss7UnicodeO4UTF8OADs01_A8EncodingsWl
0000000000004a2c T ___swift_instantiateConcreteTypeFromMangledNameAbstractV2
0000000000004960 T ___swift_instantiateConcreteTypeFromMangledNameV2
00000000000066ec T ___swift_instantiateGenericMetadata
00000000000050b8 T ___swift_memcpy16_8
0000000000005428 T ___swift_memcpy1_1
0000000000005b94 T ___swift_memcpy233_8
0000000000004c68 T ___swift_memcpy90_8
0000000000004c64 T ___swift_noop_void_return
00000000000049e0 T ___swift_project_boxed_opaque_existential_1
0000000000006e30 S ___swift_reflection_version
0000000000007390 S __swift_FORCE_LOAD_$_swiftAVFoundation_$_QLSpeech
00000000000073a8 S __swift_FORCE_LOAD_$_swiftCoreAudio_$_QLSpeech
0000000000007380 S __swift_FORCE_LOAD_$_swiftCoreFoundation_$_QLSpeech
00000000000073b0 S __swift_FORCE_LOAD_$_swiftCoreImage_$_QLSpeech
00000000000073c0 S __swift_FORCE_LOAD_$_swiftCoreMIDI_$_QLSpeech
0000000000007370 S __swift_FORCE_LOAD_$_swiftDispatch_$_QLSpeech
0000000000007378 S __swift_FORCE_LOAD_$_swiftFoundation_$_QLSpeech
0000000000007388 S __swift_FORCE_LOAD_$_swiftIOKit_$_QLSpeech
00000000000073a0 S __swift_FORCE_LOAD_$_swiftMetal_$_QLSpeech
0000000000007348 S __swift_FORCE_LOAD_$_swiftOSLog_$_QLSpeech
0000000000007358 S __swift_FORCE_LOAD_$_swiftObjectiveC_$_QLSpeech
00000000000073c8 S __swift_FORCE_LOAD_$_swiftQuartzCore_$_QLSpeech
00000000000073d0 S __swift_FORCE_LOAD_$_swiftSpatial_$_QLSpeech
00000000000073b8 S __swift_FORCE_LOAD_$_swiftUniformTypeIdentifiers_$_QLSpeech
0000000000007368 S __swift_FORCE_LOAD_$_swiftXPC_$_QLSpeech
0000000000007360 S __swift_FORCE_LOAD_$_swift_Builtin_float_$_QLSpeech
0000000000007350 S __swift_FORCE_LOAD_$_swiftos_$_QLSpeech
0000000000007398 S __swift_FORCE_LOAD_$_swiftsimd_$_QLSpeech
0000000000006b18 S _associated conformance 8QLSpeech11SpeechEventV10CodingKeys025_FF2AC22499CB7F5F167D80C4L6D66125LLOSHAASQ
0000000000006b10 S _associated conformance 8QLSpeech11SpeechEventV10CodingKeys025_FF2AC22499CB7F5F167D80C4L6D66125LLOs0D3KeyAAs23CustomStringConvertible
0000000000006b08 S _associated conformance 8QLSpeech11SpeechEventV10CodingKeys025_FF2AC22499CB7F5F167D80C4L6D66125LLOs0D3KeyAAs28CustomDebugStringConvertible
0000000000006a7e S _associated conformance 8QLSpeech12SpeechSourceOSHAASQ
0000000000006a76 S _associated conformance 8QLSpeech13SpeechFailureV10Foundation14LocalizedErrorAAs0F0
0000000000006a90 S _symbolic $sSY
0000000000006a86 S _symbolic SS
0000000000006aca S _symbolic SSSg
0000000000006aa6 S _symbolic Sb
0000000000006ad0 S _symbolic SbSg
0000000000006ae8 S _symbolic Scsyx______pG s5ErrorP
0000000000006a9c S _symbolic SdSg
0000000000006aa2 S _symbolic Si
0000000000006ad6 S _symbolic SiSg
0000000000006ac4 S _symbolic _____ 8QLSpeech11SpeechEventV
0000000000006adc S _symbolic _____ 8QLSpeech11SpeechEventV10CodingKeys025_FF2AC22499CB7F5F167D80C4L6D66125LLO
0000000000006ae2 S _symbolic _____ 8QLSpeech12BoundedInputC
0000000000006a8a S _symbolic _____ 8QLSpeech12SpeechSourceO
0000000000006aaa S _symbolic _____ 8QLSpeech12SpeechTimingC
0000000000006abe S _symbolic _____ 8QLSpeech13SpeechFailureV
0000000000006a96 S _symbolic _____ 8QLSpeech17SpeechTimingStateV
0000000000006a6e S _symbolic ______p s5ErrorP
0000000000006ab0 S _symbolic _____y_____G 15Synchronization5MutexVAARi_zrlE 8QLSpeech17SpeechTimingStateV
0000000000006a60 S _symbolic _____y_____G s22KeyedEncodingContainerV 8QLSpeech11SpeechEventV10CodingKeys025_FF2AC22499CB7F5F167D80C4O6D66125LLO
0000000000006af6 S _symbolic _____yx______p_G Scs12ContinuationV s5ErrorP

MP3FileEncoder-1.o:
0000000000002634 S _$s8AVFAudioMXM
00000000000021e0 D _$s8QLSpeech13SpeechFailureVACs5ErrorAAWL
0000000000000d18 T _$s8QLSpeech13SpeechFailureVACs5ErrorAAWl
0000000000000098 T _$s8QLSpeech14MP3FileEncoderC3urlAC10Foundation3URLV_tKcfC
0000000000002600 S _$s8QLSpeech14MP3FileEncoderC3urlAC10Foundation3URLV_tKcfCTq
0000000000000120 T _$s8QLSpeech14MP3FileEncoderC3urlAC10Foundation3URLV_tKcfc
0000000000000d7c T _$s8QLSpeech14MP3FileEncoderC5writeyySo16AVAudioPCMBufferCKF
0000000000001258 T _$s8QLSpeech14MP3FileEncoderC6finishyyKF
0000000000000000 T _$s8QLSpeech14MP3FileEncoderC6handle33_B474580F0C8DE1F7B822C7F98A088C67LLSvSgvpfi
0000000000001470 T _$s8QLSpeech14MP3FileEncoderCMa
00000000000021f0 D _$s8QLSpeech14MP3FileEncoderCMm
00000000000025cc S _$s8QLSpeech14MP3FileEncoderCMn
0000000000002230 D _$s8QLSpeech14MP3FileEncoderCN
0000000000001434 T _$s8QLSpeech14MP3FileEncoderCfD
00000000000013ac T _$s8QLSpeech14MP3FileEncoderCfd
00000000000025c0 S _$s8QLSpeechMXM
000000000000034c T _$sSS11withCStringyxxSPys4Int8VGq_YKXEq_YKs5ErrorR_r0_lF
000000000000150c T _$sSo19AVAudioCommonFormatV8rawValueABSgSu_tcfC
00000000000015c8 T _$sSo19AVAudioCommonFormatV8rawValueSuvg
00000000000021e8 D _$sSo19AVAudioCommonFormatVABSQSCWL
00000000000011ec T _$sSo19AVAudioCommonFormatVABSQSCWl
0000000000002298 D _$sSo19AVAudioCommonFormatVABSYSCWL
000000000000155c T _$sSo19AVAudioCommonFormatVABSYSCWl
0000000000002750 S _$sSo19AVAudioCommonFormatVMB
0000000000002290 D _$sSo19AVAudioCommonFormatVML
0000000000001158 T _$sSo19AVAudioCommonFormatVMa
0000000000002700 S _$sSo19AVAudioCommonFormatVMf
0000000000002614 S _$sSo19AVAudioCommonFormatVMn
000000000000233c S _$sSo19AVAudioCommonFormatVSQSCMc
0000000000001494 T _$sSo19AVAudioCommonFormatVSQSCSQ2eeoiySbx_xtFZTW
0000000000002764 S _$sSo19AVAudioCommonFormatVSYSCMA
0000000000002300 S _$sSo19AVAudioCommonFormatVSYSCMc
0000000000001530 T _$sSo19AVAudioCommonFormatVSYSCSY8rawValue03RawE0QzvgTW
00000000000014dc T _$sSo19AVAudioCommonFormatVSYSCSY8rawValuexSg03RawE0Qz_tcfCTW
0000000000002608 S _$sSoMXM
00000000000022b0 S _$sSvSgMR
00000000000021d8 D _$sSvSgMd
0000000000001728 T _$ss11_StringGutsV11withCStringyxxSPys4Int8VGq_YKXEq_YKs5ErrorR_r0_lFxSRyAEGq_YKXEfU_
0000000000001860 T _$ss11_StringGutsV13withFastCCharyxxSRys4Int8VGq_YKXEq_YKs5ErrorR_r0_lFxSRys5UInt8VGq_YKXEfU_
00000000000015e4 T _$ss11_StringGutsV16_slowWithCStringyxxSPys4Int8VGq_YKXEq_YKs5ErrorR_r0_lF
0000000000001e50 T _$ss11_StringGutsV16_slowWithCStringyxxSPys4Int8VGq_YKXEq_YKs5ErrorR_r0_lFxSRyAEGq_YKXEfU_
0000000000001b80 T _$ss12_SmallStringV8withUTF8yxxSRys5UInt8VGq_YKXEq_YKs5ErrorR_r0_lFxSWq_YKXEfU_
0000000000001f88 T _$ss15ContiguousArrayV23withUnsafeBufferPointeryqd__qd__SRyxGqd_0_YKXEqd_0_YKs5ErrorRd_0_r0_lF
0000000000002048 T _$ss22_ContiguousArrayBufferV010withUnsafeC7Pointeryqd__qd__SRyxGqd_0_YKXEqd_0_YKs5ErrorRd_0_r0_lF
0000000000002194 T _$ss22_ContiguousArrayBufferV010withUnsafeC7Pointeryqd__qd__SRyxGqd_0_YKXEqd_0_YKs5ErrorRd_0_r0_lF6$deferL_yysAERd_0_r_0_lF
0000000000001cd0 T _$ss27_withUnprotectedUnsafeBytes2of_q0_xz_q0_SWq_YKXEtq_YKs5ErrorR_Ri_zRi0_zRi_0_r1_lF
0000000000002368 S _$ss6UInt64V_ABtMR
00000000000022a0 D _$ss6UInt64V_ABtMd
0000000000000c98 T ___swift_instantiateConcreteTypeFromMangledNameV2
0000000000002370 S ___swift_reflection_version
00000000000026b8 S __swift_FORCE_LOAD_$_swiftAVFoundation_$_QLSpeech
00000000000026d0 S __swift_FORCE_LOAD_$_swiftCoreAudio_$_QLSpeech
00000000000026a8 S __swift_FORCE_LOAD_$_swiftCoreFoundation_$_QLSpeech
00000000000026d8 S __swift_FORCE_LOAD_$_swiftCoreImage_$_QLSpeech
00000000000026e8 S __swift_FORCE_LOAD_$_swiftCoreMIDI_$_QLSpeech
0000000000002698 S __swift_FORCE_LOAD_$_swiftDispatch_$_QLSpeech
00000000000026a0 S __swift_FORCE_LOAD_$_swiftFoundation_$_QLSpeech
00000000000026b0 S __swift_FORCE_LOAD_$_swiftIOKit_$_QLSpeech
00000000000026c8 S __swift_FORCE_LOAD_$_swiftMetal_$_QLSpeech
0000000000002670 S __swift_FORCE_LOAD_$_swiftOSLog_$_QLSpeech
0000000000002680 S __swift_FORCE_LOAD_$_swiftObjectiveC_$_QLSpeech
00000000000026f0 S __swift_FORCE_LOAD_$_swiftQuartzCore_$_QLSpeech
00000000000026f8 S __swift_FORCE_LOAD_$_swiftSpatial_$_QLSpeech
00000000000026e0 S __swift_FORCE_LOAD_$_swiftUniformTypeIdentifiers_$_QLSpeech
0000000000002690 S __swift_FORCE_LOAD_$_swiftXPC_$_QLSpeech
0000000000002688 S __swift_FORCE_LOAD_$_swift_Builtin_float_$_QLSpeech
0000000000002678 S __swift_FORCE_LOAD_$_swiftos_$_QLSpeech
00000000000026c0 S __swift_FORCE_LOAD_$_swiftsimd_$_QLSpeech
00000000000021c2 S _symbolic $sSY
00000000000021be S _symbolic Su
00000000000021ac S _symbolic SvSg
00000000000021b2 S _symbolic _____ 8QLSpeech14MP3FileEncoderC
00000000000021b8 S _symbolic _____ So19AVAudioCommonFormatV
00000000000021c8 S _symbolic ______AAt s6UInt64V

RecordingBatches-1.o:
0000000000009608 T _$s10Foundation13__DataStorageC15withUnsafeBytes2in5applyq_SnySiG_q_SWxYKXEtxYKs5ErrorRzRi__r0_lFq_SWxYKXEfU_
000000000000979c T _$s10Foundation4DataV06InlineB0V15withUnsafeBytesyq_q_SWxYKXExYKs5ErrorRzRi__r0_lFq_SWxYKXEfU_
0000000000009a88 T _$s10Foundation4DataV15_RepresentationO15withUnsafeBytesyq_q_SWxYKXExYKs5ErrorRzRi__r0_lFq_SWxYKXEfU_
0000000000008010 T _$s10Foundation4DataV15_RepresentationOWOe
0000000000009b98 T _$s10Foundation4DataV15_RepresentationOWOy
000000000000694c T _$s10Foundation4DataV15withUnsafeBytesyq_q_SWxYKXExYKs5ErrorRzRi__r0_lF
0000000000005d74 T _$s10Foundation4DataV17fastCheckElementsACx_tcSTRzs5UInt8V7ElementRtzlufC
000000000000952c T _$s10Foundation4DataV17fastCheckElementsACx_tcSTRzs5UInt8V7ElementRtzlufcAC15_RepresentationOSRyAFGXEfU_
000000000000ad90 S _$s10FoundationMXM
000000000000ad84 S _$s8AVFAudioMXM
000000000000a6d0 D _$s8QLSpeech13SpeechFailureVACs5ErrorAAWL
0000000000007d58 T _$s8QLSpeech13SpeechFailureVACs5ErrorAAWl
0000000000007ebc T _$s8QLSpeech14MP3FileEncoderCSgWOh
000000000000160c T _$s8QLSpeech16RecordingBatchesC11batchFrames33_9E2A22B0BE662E1CBD4896767A1A7C46LLs6UInt32Vvpfi
00000000000016c4 T _$s8QLSpeech16RecordingBatchesC11totalFrames33_9E2A22B0BE662E1CBD4896767A1A7C46LLs6UInt64Vvpfi
0000000000001484 T _$s8QLSpeech16RecordingBatchesC4file33_9E2A22B0BE662E1CBD4896767A1A7C46LLAA14MP3FileEncoderCSgvpfi
0000000000002c28 T _$s8QLSpeech16RecordingBatchesC5closeyyKF
0000000000001b4c T _$s8QLSpeech16RecordingBatchesC6appendyySo16AVAudioPCMBufferCKF
0000000000001554 T _$s8QLSpeech16RecordingBatchesC8sequence33_9E2A22B0BE662E1CBD4896767A1A7C46LLSivpfi
0000000000001788 T _$s8QLSpeech16RecordingBatchesC9recording14maximumSecondsAC10Foundation3URLV_SitcfC
000000000000ad30 S _$s8QLSpeech16RecordingBatchesC9recording14maximumSecondsAC10Foundation3URLV_SitcfCTq
00000000000017d8 T _$s8QLSpeech16RecordingBatchesC9recording14maximumSecondsAC10Foundation3URLV_Sitcfc
000000000000177c T _$s8QLSpeech16RecordingBatchesC9recording14maximumSecondsAC10Foundation3URLV_SitcfcfA0_
00000000000080e8 T _$s8QLSpeech16RecordingBatchesCMa
000000000000a740 D _$s8QLSpeech16RecordingBatchesCMm
000000000000acf0 S _$s8QLSpeech16RecordingBatchesCMn
000000000000a780 D _$s8QLSpeech16RecordingBatchesCN
00000000000033c8 T _$s8QLSpeech16RecordingBatchesCfD
0000000000003364 T _$s8QLSpeech16RecordingBatchesCfd
0000000000000ce8 T _$s8QLSpeech17RecordingBoundaryV11quietFrames33_9E2A22B0BE662E1CBD4896767A1A7C46LLSivpfi
0000000000000cc0 T _$s8QLSpeech17RecordingBoundaryV12speechEnergy33_9E2A22B0BE662E1CBD4896767A1A7C46LLSdvpfi
0000000000000c90 T _$s8QLSpeech17RecordingBoundaryV12windowFrames33_9E2A22B0BE662E1CBD4896767A1A7C46LLSivpfi
0000000000000d2c T _$s8QLSpeech17RecordingBoundaryV14maximumSecondsACSi_tcfC
0000000000000d20 T _$s8QLSpeech17RecordingBoundaryV14maximumSecondsACSi_tcfcfA_
0000000000000c58 T _$s8QLSpeech17RecordingBoundaryV14maximumSecondsSivau
0000000000000c64 T _$s8QLSpeech17RecordingBoundaryV14maximumSecondsSivgZ
0000000000009d50 S _$s8QLSpeech17RecordingBoundaryV14maximumSecondsSivpZ
0000000000000ca8 T _$s8QLSpeech17RecordingBoundaryV6energy33_9E2A22B0BE662E1CBD4896767A1A7C46LLSdvpfi
0000000000000c78 T _$s8QLSpeech17RecordingBoundaryV6frames33_9E2A22B0BE662E1CBD4896767A1A7C46LLSivpfi
0000000000000ec0 T _$s8QLSpeech17RecordingBoundaryV7consume_5countSiSPySfG_SitF
0000000000000d0c T _$s8QLSpeech17RecordingBoundaryV7reachedSbvg
0000000000000d00 T _$s8QLSpeech17RecordingBoundaryV7reachedSbvpfi
0000000000000d18 T _$s8QLSpeech17RecordingBoundaryV7reachedSbvs
0000000000008fa4 T _$s8QLSpeech17RecordingBoundaryVMa
000000000000acd4 S _$s8QLSpeech17RecordingBoundaryVMn
000000000000aa08 S _$s8QLSpeech17RecordingBoundaryVN
0000000000007514 T _$s8QLSpeech18qlRecordingFreeWavyySvSgF
0000000000004148 T _$s8QLSpeech20qlRecordingDecodeWavySvSgSPys4Int8VGSg_SpySiGSgtF
000000000000acb0 S _$s8QLSpeech22RecordingBatchMetadataV10CodingKeys33_9E2A22B0BE662E1CBD4896767A1A7C46LLOMXX
0000000000000008 T _$s8QLSpeech22RecordingBatchMetadataV3endSdvg
00000000000008d8 T _$s8QLSpeech22RecordingBatchMetadataV4fromACs7Decoder_p_tKcfC
0000000000000004 T _$s8QLSpeech22RecordingBatchMetadataV5startSdvg
000000000000069c T _$s8QLSpeech22RecordingBatchMetadataV6encode2toys7Encoder_p_tKF
0000000000000b74 T _$s8QLSpeech22RecordingBatchMetadataV8sequence5start3endACSi_S2dtcfC
0000000000000000 T _$s8QLSpeech22RecordingBatchMetadataV8sequenceSivg
000000000000a6f8 D _$s8QLSpeech22RecordingBatchMetadataVACSEAAWL
0000000000007fa8 T _$s8QLSpeech22RecordingBatchMetadataVACSEAAWl
0000000000008878 T _$s8QLSpeech22RecordingBatchMetadataVMa
000000000000ac94 S _$s8QLSpeech22RecordingBatchMetadataVMn
000000000000a8f0 S _$s8QLSpeech22RecordingBatchMetadataVN
0000000000009db8 S _$s8QLSpeech22RecordingBatchMetadataVSEAAMc
0000000000009d90 S _$s8QLSpeech22RecordingBatchMetadataVSeAAMc
000000000000341c T _$s8QLSpeech25qlRecordingPrepareBatchesys5Int32VSPys4Int8VGSgF
000000000000ac88 S _$s8QLSpeechMXM
000000000000a848 D _$sS2Ss21_ObjectiveCBridgeable10FoundationWL
00000000000094bc T _$sS2Ss21_ObjectiveCBridgeable10FoundationWl
000000000000a6c0 D _$sS2iSZsWL
0000000000007cf4 T _$sS2iSZsWl
000000000000a1c0 S _$sSAySo7NSErrorCSgGMR
000000000000a858 D _$sSAySo7NSErrorCSgGMd
000000000000a860 D _$sSAySo7NSErrorCSgGSAyxGs8_PointersWL
0000000000009cd0 T _$sSAySo7NSErrorCSgGSAyxGs8_PointersWl
0000000000009d68 S _$sSNySiGMR
000000000000a6a8 D _$sSNySiGMd
000000000000a730 D _$sSS8UTF8ViewVABSTsWL
000000000000849c T _$sSS8UTF8ViewVABSTsWl
00000000000093bc T _$sSSWOh
0000000000009520 T _$sSa12_endMutationyyF
0000000000009d88 S _$sSaySSGMR
000000000000a718 D _$sSaySSGMd
000000000000a720 D _$sSaySSGSayxGSTsWL
0000000000008268 T _$sSaySSGSayxGSTsWl
00000000000082dc T _$sSaySSGWOh
0000000000009d70 S _$sSnySiGMR
000000000000a6b0 D _$sSnySiGMd
000000000000a6b8 D _$sSnySiGSnyxGSlsSxRzSZ6StrideRpzrlWL
0000000000007bf0 T _$sSnySiGSnyxGSlsSxRzSZ6StrideRpzrlWl
0000000000003b5c T _$sSo11AVAudioFileC10forReading12commonFormat11interleavedAB10Foundation3URLV_So0a6CommonF0VSbtKcfC
0000000000007580 T _$sSo11AVAudioFileC10forReading12commonFormat11interleavedAB10Foundation3URLV_So0a6CommonF0VSbtKcfcTO
000000000000a700 D _$sSo11AVAudioFileCML
0000000000008088 T _$sSo11AVAudioFileCMa
0000000000002be4 T _$sSo16AVAudioPCMBufferC9pcmFormat13frameCapacityABSgSo0aD0C_s6UInt32VtcfC
0000000000007538 T _$sSo16AVAudioPCMBufferC9pcmFormat13frameCapacityABSgSo0aD0C_s6UInt32VtcfcTO
000000000000a6e0 D _$sSo16AVAudioPCMBufferCML
0000000000007ee4 T _$sSo16AVAudioPCMBufferCMa
0000000000007a98 T _$sSo18NSFileAttributeKeya8rawValueABSS_tcfC
0000000000007b18 T _$sSo18NSFileAttributeKeya8rawValueSSvg
000000000000a728 D _$sSo18NSFileAttributeKeyaABSHSCWL
0000000000008398 T _$sSo18NSFileAttributeKeyaABSHSCWl
000000000000a830 D _$sSo18NSFileAttributeKeyaABSQSCWL
00000000000091dc T _$sSo18NSFileAttributeKeyaABSQSCWl
000000000000a820 D _$sSo18NSFileAttributeKeyaABSYSCWL
00000000000090dc T _$sSo18NSFileAttributeKeyaABSYSCWl
000000000000a840 D _$sSo18NSFileAttributeKeyaABs20_SwiftNewtypeWrapperSCWL
0000000000009450 T _$sSo18NSFileAttributeKeyaABs20_SwiftNewtypeWrapperSCWl
000000000000a828 D _$sSo18NSFileAttributeKeyaABs35_HasCustomAnyHashableRepresentationSCWL
000000000000915c T _$sSo18NSFileAttributeKeyaABs35_HasCustomAnyHashableRepresentationSCWl
000000000000b1b4 S _$sSo18NSFileAttributeKeyaMB
000000000000af8c S _$sSo18NSFileAttributeKeyaMF
000000000000a810 D _$sSo18NSFileAttributeKeyaML
0000000000008304 T _$sSo18NSFileAttributeKeyaMa
000000000000aac8 S _$sSo18NSFileAttributeKeyaMf
000000000000ad44 S _$sSo18NSFileAttributeKeyaMn
000000000000a0b4 S _$sSo18NSFileAttributeKeyaSHSCMc
0000000000007828 T _$sSo18NSFileAttributeKeyaSHSCSH13_rawHashValue4seedS2i_tFTW
00000000000077e4 T _$sSo18NSFileAttributeKeyaSHSCSH4hash4intoys6HasherVz_tFTW
00000000000077a8 T _$sSo18NSFileAttributeKeyaSHSCSH9hashValueSivgTW
0000000000009fc4 S _$sSo18NSFileAttributeKeyaSQSCMc
0000000000007a1c T _$sSo18NSFileAttributeKeyaSQSCSQ2eeoiySbx_xtFZTW
000000000000b1e0 S _$sSo18NSFileAttributeKeyaSYSCMA
0000000000009f54 S _$sSo18NSFileAttributeKeyaSYSCMc
0000000000007ae8 T _$sSo18NSFileAttributeKeyaSYSCSY8rawValue03RawE0QzvgTW
0000000000007a64 T _$sSo18NSFileAttributeKeyaSYSCSY8rawValuexSg03RawE0Qz_tcfCTW
0000000000009f90 S _$sSo18NSFileAttributeKeyas20_SwiftNewtypeWrapperSCMc
000000000000b1f8 S _$sSo18NSFileAttributeKeyas21_ObjectiveCBridgeableSCMA
0000000000009ff0 S _$sSo18NSFileAttributeKeyas21_ObjectiveCBridgeableSCMc
00000000000078a4 T _$sSo18NSFileAttributeKeyas21_ObjectiveCBridgeableSCsACP016_forceBridgeFromD1C_6resulty01_D5CTypeQz_xSgztFZTW
00000000000078ec T _$sSo18NSFileAttributeKeyas21_ObjectiveCBridgeableSCsACP024_conditionallyBridgeFromD1C_6resultSb01_D5CTypeQz_xSgztFZTW
0000000000007938 T _$sSo18NSFileAttributeKeyas21_ObjectiveCBridgeableSCsACP026_unconditionallyBridgeFromD1Cyx01_D5CTypeQzSgFZTW
000000000000786c T _$sSo18NSFileAttributeKeyas21_ObjectiveCBridgeableSCsACP09_bridgeToD1C01_D5CTypeQzyFTW
0000000000009f28 S _$sSo18NSFileAttributeKeyas35_HasCustomAnyHashableRepresentationSCMc
0000000000007b74 T _$sSo18NSFileAttributeKeyas35_HasCustomAnyHashableRepresentationSCsACP03_toefG0s0fG0VSgyFTW
00000000000079b0 T _$sSo19AVAudioCommonFormatV8rawValueABSgSu_tcfC
0000000000007a00 T _$sSo19AVAudioCommonFormatV8rawValueSuvg
000000000000a6d8 D _$sSo19AVAudioCommonFormatVABSQSCWL
0000000000007e50 T _$sSo19AVAudioCommonFormatVABSQSCWl
000000000000a838 D _$sSo19AVAudioCommonFormatVABSYSCWL
00000000000093e4 T _$sSo19AVAudioCommonFormatVABSYSCWl
000000000000b1a0 S _$sSo19AVAudioCommonFormatVMB
000000000000a818 D _$sSo19AVAudioCommonFormatVML
0000000000007dbc T _$sSo19AVAudioCommonFormatVMa
000000000000aaf0 S _$sSo19AVAudioCommonFormatVMf
000000000000ad64 S _$sSo19AVAudioCommonFormatVMn
000000000000a0f8 S _$sSo19AVAudioCommonFormatVSQSCMc
0000000000007760 T _$sSo19AVAudioCommonFormatVSQSCSQ2eeoiySbx_xtFZTW
000000000000b1c8 S _$sSo19AVAudioCommonFormatVSYSCMA
0000000000009ee0 S _$sSo19AVAudioCommonFormatVSYSCMc
00000000000079d4 T _$sSo19AVAudioCommonFormatVSYSCSY8rawValue03RawE0QzvgTW
0000000000007980 T _$sSo19AVAudioCommonFormatVSYSCSY8rawValuexSg03RawE0Qz_tcfCTW
000000000000a738 D _$sSo8NSNumberCML
0000000000008578 T _$sSo8NSNumberCMa
000000000000ad38 S _$sSoMXM
00000000000095e0 T _$sSvSiIegyy_SvSiytIegnnr_TR
0000000000007bbc T _$ss12precondition__4file4lineySbyXK_SSyXKs12StaticStringVSutFfA0_SSycfu_
0000000000009908 T _$ss15withUnsafeBytes2of_q0_x_q0_SWq_YKXEtq_YKs5ErrorR_Ri_zRi_0_r1_lF
0000000000003dd0 T _$ss15withUnsafeBytes2of_q0_xz_q0_SWq_YKXEtq_YKs5ErrorR_Ri_zRi0_zRi_0_r1_lF
0000000000009d78 S _$ss16IndexingIteratorVySnySiGGMR
000000000000a6c8 D _$ss16IndexingIteratorVySnySiGGMd
0000000000009d60 S _$ss22KeyedDecodingContainerVy8QLSpeech22RecordingBatchMetadataV10CodingKeys33_9E2A22B0BE662E1CBD4896767A1A7C46LLOGMR
000000000000a6a0 D _$ss22KeyedDecodingContainerVy8QLSpeech22RecordingBatchMetadataV10CodingKeys33_9E2A22B0BE662E1CBD4896767A1A7C46LLOGMd
0000000000009d58 S _$ss22KeyedEncodingContainerVy8QLSpeech22RecordingBatchMetadataV10CodingKeys33_9E2A22B0BE662E1CBD4896767A1A7C46LLOGMR
000000000000a698 D _$ss22KeyedEncodingContainerVy8QLSpeech22RecordingBatchMetadataV10CodingKeys33_9E2A22B0BE662E1CBD4896767A1A7C46LLOGMd
0000000000002ba4 T _$ss27_finalizeUninitializedArrayySayxGABnlF
000000000000a1b8 S _$ss5UInt8V_A13BtMR
000000000000a850 D _$ss5UInt8V_A13BtMd
000000000000a708 D _$ss6UInt16VABs17FixedWidthIntegersWL
0000000000008148 T _$ss6UInt16VABs17FixedWidthIntegersWl
000000000000a710 D _$ss6UInt32VABs17FixedWidthIntegersWL
00000000000081d8 T _$ss6UInt32VABs17FixedWidthIntegersWl
000000000000a6f0 D _$ss6UInt64VABSzsWL
0000000000007f44 T _$ss6UInt64VABSzsWl
0000000000009d80 S _$ss7CVarArg_pMR
000000000000a6e8 D _$ss7CVarArg_pMd
0000000000009c10 T _$sxq_q0_Ri_zRi0_zRi__Ri0__Ri_0_Ri0_0_r1_lySvSiytIsegnnr_SgWOe
0000000000008404 T _$sypSgWOh
000000000000843c T ___swift_destroy_boxed_opaque_existential_0
0000000000001aec T ___swift_destroy_boxed_opaque_existential_1
0000000000007c7c T ___swift_instantiateConcreteTypeFromMangledNameAbstractV2
0000000000001a20 T ___swift_instantiateConcreteTypeFromMangledNameV2
000000000000888c T ___swift_memcpy1_1
00000000000085d8 T ___swift_memcpy24_8
0000000000008c60 T ___swift_memcpy49_8
00000000000085ec T ___swift_noop_void_return
0000000000001aa0 T ___swift_project_boxed_opaque_existential_1
000000000000a1c8 S ___swift_reflection_version
000000000000aa80 S __swift_FORCE_LOAD_$_swiftAVFoundation_$_QLSpeech
000000000000aa98 S __swift_FORCE_LOAD_$_swiftCoreAudio_$_QLSpeech
000000000000aa70 S __swift_FORCE_LOAD_$_swiftCoreFoundation_$_QLSpeech
000000000000aaa0 S __swift_FORCE_LOAD_$_swiftCoreImage_$_QLSpeech
000000000000aab0 S __swift_FORCE_LOAD_$_swiftCoreMIDI_$_QLSpeech
000000000000aa60 S __swift_FORCE_LOAD_$_swiftDispatch_$_QLSpeech
000000000000aa68 S __swift_FORCE_LOAD_$_swiftFoundation_$_QLSpeech
000000000000aa78 S __swift_FORCE_LOAD_$_swiftIOKit_$_QLSpeech
000000000000aa90 S __swift_FORCE_LOAD_$_swiftMetal_$_QLSpeech
000000000000aa38 S __swift_FORCE_LOAD_$_swiftOSLog_$_QLSpeech
000000000000aa48 S __swift_FORCE_LOAD_$_swiftObjectiveC_$_QLSpeech
000000000000aab8 S __swift_FORCE_LOAD_$_swiftQuartzCore_$_QLSpeech
000000000000aac0 S __swift_FORCE_LOAD_$_swiftSpatial_$_QLSpeech
000000000000aaa8 S __swift_FORCE_LOAD_$_swiftUniformTypeIdentifiers_$_QLSpeech
000000000000aa58 S __swift_FORCE_LOAD_$_swiftXPC_$_QLSpeech
000000000000aa50 S __swift_FORCE_LOAD_$_swift_Builtin_float_$_QLSpeech
000000000000aa40 S __swift_FORCE_LOAD_$_swiftos_$_QLSpeech
000000000000aa88 S __swift_FORCE_LOAD_$_swiftsimd_$_QLSpeech
000000000000a660 S _associated conformance 8QLSpeech22RecordingBatchMetadataV10CodingKeys33_9E2A22B0BE662E1CBD4896767A1A7C46LLOSHAASQ
000000000000a658 S _associated conformance 8QLSpeech22RecordingBatchMetadataV10CodingKeys33_9E2A22B0BE662E1CBD4896767A1A7C46LLOs0E3KeyAAs23CustomStringConvertible
000000000000a650 S _associated conformance 8QLSpeech22RecordingBatchMetadataV10CodingKeys33_9E2A22B0BE662E1CBD4896767A1A7C46LLOs0E3KeyAAs28CustomDebugStringConvertible
000000000000a648 S _associated conformance So18NSFileAttributeKeyaSHSCSQ
000000000000a61c S _associated conformance So18NSFileAttributeKeyas20_SwiftNewtypeWrapperSCSY
000000000000a624 S _associated conformance So18NSFileAttributeKeyas20_SwiftNewtypeWrapperSCs35_HasCustomAnyHashableRepresentation
0000000000004134 T _ql_recording_decode_wav
0000000000007500 T _ql_recording_free_wav
0000000000003408 T _ql_recording_prepare_batches
000000000000a612 S _symbolic $sSY
000000000000a62c S _symbolic $ss21_ObjectiveCBridgeableP
000000000000a680 S _symbolic SAySo7NSErrorCSgG
000000000000a588 S _symbolic SNySiG
000000000000a618 S _symbolic SS
000000000000a5ae S _symbolic SaySSG
000000000000a5d0 S _symbolic Sb
000000000000a5c0 S _symbolic Sd
000000000000a5bc S _symbolic Si
000000000000a590 S _symbolic SnySiG
000000000000a600 S _symbolic So8NSStringC
000000000000a60e S _symbolic Su
000000000000a674 S _symbolic SvSiIegyy_
000000000000a5da S _symbolic _____ 10Foundation3URLV
000000000000a5d4 S _symbolic _____ 8QLSpeech16RecordingBatchesC
000000000000a5ca S _symbolic _____ 8QLSpeech17RecordingBoundaryV
000000000000a5b6 S _symbolic _____ 8QLSpeech22RecordingBatchMetadataV
000000000000a5c4 S _symbolic _____ 8QLSpeech22RecordingBatchMetadataV10CodingKeys33_9E2A22B0BE662E1CBD4896767A1A7C46LLO
000000000000a5fa S _symbolic _____ So18NSFileAttributeKeya
000000000000a5f4 S _symbolic _____ So19AVAudioCommonFormatV
000000000000a5e8 S _symbolic _____ s6UInt32V
000000000000a5ee S _symbolic _____ s6UInt64V
000000000000a5e0 S _symbolic _____Sg 8QLSpeech14MP3FileEncoderC
000000000000a668 S _symbolic ______A13At s5UInt8V
000000000000a5a6 S _symbolic ______p s7CVarArgP
000000000000a598 S _symbolic _____ySnySiGG s16IndexingIteratorV
000000000000a57a S _symbolic _____y_____G s22KeyedDecodingContainerV 8QLSpeech22RecordingBatchMetadataV10CodingKeys33_9E2A22B0BE662E1CBD4896767A1A7C46LLO
000000000000a56c S _symbolic _____y_____G s22KeyedEncodingContainerV 8QLSpeech22RecordingBatchMetadataV10CodingKeys33_9E2A22B0BE662E1CBD4896767A1A7C46LLO

AudioFileRecorder-1.o:
00000000000016a4 T _$s10Foundation4DataV15_RepresentationOWOe
000000000000162c T _$s10Foundation4DataV15_RepresentationOWOy
000000000000973c T _$s15Synchronization5MutexVAARi_zrlE8withLockyqd__qd__xzYuqd_0_YKYTXEqd_0_YKs5ErrorRd_0_Ri_d__r0_lF6$deferL_yysAERd_0_Ri_zRi_d__r_0_lF
0000000000009da0 T _$s15Synchronization5MutexVy8QLSpeech17AudioFileRecorderC9Admission33_2C6C4B60A3B3334BC4B77811C358BC27LLVGWOh
000000000000de28 S _$s15Synchronization5_CellVy8QLSpeech17AudioFileRecorderC9Admission33_2C6C4B60A3B3334BC4B77811C358BC27LLVGMR
000000000000d018 D _$s15Synchronization5_CellVy8QLSpeech17AudioFileRecorderC9Admission33_2C6C4B60A3B3334BC4B77811C358BC27LLVGMd
000000000000ee6c S _$s8AVFAudioMXM
000000000000d208 D _$s8Dispatch0A13WorkItemFlagsVACs10SetAlgebraAAWL
000000000000cd94 T _$s8Dispatch0A13WorkItemFlagsVACs10SetAlgebraAAWl
000000000000cf90 D _$s8QLSpeech13SpeechFailureVACs5ErrorAAWL
0000000000001334 T _$s8QLSpeech13SpeechFailureVACs5ErrorAAWl
0000000000009be8 T _$s8QLSpeech14MP3FileEncoderCSgWOh
000000000000ecc4 S _$s8QLSpeech15RecordingPacket33_2C6C4B60A3B3334BC4B77811C358BC27LLVMXX
0000000000009764 T _$s8QLSpeech15RecordingPacket33_2C6C4B60A3B3334BC4B77811C358BC27LLVWOc
0000000000000b6c T _$s8QLSpeech15RecordingPacket33_2C6C4B60A3B3334BC4B77811C358BC27LLVWOh
00000000000030cc T _$s8QLSpeech17AudioFileRecorderC11initialized33_2C6C4B60A3B3334BC4B77811C358BC27LLSbvpfi
0000000000002c10 T _$s8QLSpeech17AudioFileRecorderC12batchFailure33_2C6C4B60A3B3334BC4B77811C358BC27LLSbvpfi
0000000000002e2c T _$s8QLSpeech17AudioFileRecorderC12outputFormat33_2C6C4B60A3B3334BC4B77811C358BC27LLSo07AVAudioF0Cvpfi
0000000000002f44 T _$s8QLSpeech17AudioFileRecorderC4file33_2C6C4B60A3B3334BC4B77811C358BC27LLAA03MP3C7EncoderCSgvpfi
00000000000033e4 T _$s8QLSpeech17AudioFileRecorderC4path9byteLimit5queue9onFailureACSS_SiSo012OS_dispatch_H0CySSYbctcfC
000000000000ed68 S _$s8QLSpeech17AudioFileRecorderC4path9byteLimit5queue9onFailureACSS_SiSo012OS_dispatch_H0CySSYbctcfCTq
0000000000003454 T _$s8QLSpeech17AudioFileRecorderC4path9byteLimit5queue9onFailureACSS_SiSo012OS_dispatch_H0CySSYbctcfc
000000000000319c T _$s8QLSpeech17AudioFileRecorderC4path9byteLimit5queue9onFailureACSS_SiSo012OS_dispatch_H0CySSYbctcfcfA0_
00000000000031a8 T _$s8QLSpeech17AudioFileRecorderC4path9byteLimit5queue9onFailureACSS_SiSo012OS_dispatch_H0CySSYbctcfcfA1_
0000000000005930 T _$s8QLSpeech17AudioFileRecorderC6append6sampleySo17CMSampleBufferRefa_tF
00000000000037ac T _$s8QLSpeech17AudioFileRecorderC6appendyySo16AVAudioPCMBufferCF
000000000000723c T _$s8QLSpeech17AudioFileRecorderC6finish11interruptedAA17RecordingMetadataVSb_tYaF
000000000000de18 S _$s8QLSpeech17AudioFileRecorderC6finish11interruptedAA17RecordingMetadataVSb_tYaFTu
0000000000006318 T _$s8QLSpeech17AudioFileRecorderC7disableyySSF
0000000000003014 T _$s8QLSpeech17AudioFileRecorderC8duration33_2C6C4B60A3B3334BC4B77811C358BC27LLSdvpfi
000000000000ed70 S _$s8QLSpeech17AudioFileRecorderC9Admission33_2C6C4B60A3B3334BC4B77811C358BC27LLVMXX
000000000000cf54 T _$s8QLSpeech17AudioFileRecorderC9Admission33_2C6C4B60A3B3334BC4B77811C358BC27LLVWOh
0000000000002b60 T _$s8QLSpeech17AudioFileRecorderC9admission33_2C6C4B60A3B3334BC4B77811C358BC27LL15Synchronization5MutexVyAC9AdmissionAELLVGvpfi
0000000000002d3c T _$s8QLSpeech17AudioFileRecorderC9converter33_2C6C4B60A3B3334BC4B77811C358BC27LLSo16AVAudioConverterCSgvpfi
000000000000b610 T _$s8QLSpeech17AudioFileRecorderCMa
000000000000d040 D _$s8QLSpeech17AudioFileRecorderCMm
000000000000ed28 S _$s8QLSpeech17AudioFileRecorderCMn
000000000000d080 D _$s8QLSpeech17AudioFileRecorderCN
000000000000863c T _$s8QLSpeech17AudioFileRecorderCfD
000000000000856c T _$s8QLSpeech17AudioFileRecorderCfd
000000000000ed04 S _$s8QLSpeech17RecordingMetadataV10CodingKeys33_2C6C4B60A3B3334BC4B77811C358BC27LLOMXX
000000000000188c T _$s8QLSpeech17RecordingMetadataV10batchErrorSbvM
0000000000001878 T _$s8QLSpeech17RecordingMetadataV10batchErrorSbvg
000000000000186c T _$s8QLSpeech17RecordingMetadataV10batchErrorSbvpfi
0000000000001884 T _$s8QLSpeech17RecordingMetadataV10batchErrorSbvs
00000000000017bc T _$s8QLSpeech17RecordingMetadataV15durationSecondsSdvM
00000000000017ac T _$s8QLSpeech17RecordingMetadataV15durationSecondsSdvg
00000000000017b4 T _$s8QLSpeech17RecordingMetadataV15durationSecondsSdvs
00000000000023f4 T _$s8QLSpeech17RecordingMetadataV4fromACs7Decoder_p_tKcfC
0000000000001858 T _$s8QLSpeech17RecordingMetadataV5errorSSSgvM
00000000000017dc T _$s8QLSpeech17RecordingMetadataV5errorSSSgvg
00000000000017d0 T _$s8QLSpeech17RecordingMetadataV5errorSSSgvpfi
0000000000001810 T _$s8QLSpeech17RecordingMetadataV5errorSSSgvs
00000000000020d0 T _$s8QLSpeech17RecordingMetadataV6encode2toys7Encoder_p_tKF
0000000000002978 T _$s8QLSpeech17RecordingMetadataV6status15durationSeconds5error10batchErrorACSS_SdSSSgSbtcfC
000000000000296c T _$s8QLSpeech17RecordingMetadataV6status15durationSeconds5error10batchErrorACSS_SdSSSgSbtcfcfA2_
0000000000001798 T _$s8QLSpeech17RecordingMetadataV6statusSSvM
000000000000171c T _$s8QLSpeech17RecordingMetadataV6statusSSvg
0000000000001750 T _$s8QLSpeech17RecordingMetadataV6statusSSvs
000000000000d200 D _$s8QLSpeech17RecordingMetadataVACSEAAWL
000000000000ccf0 T _$s8QLSpeech17RecordingMetadataVACSEAAWl
000000000000b248 T _$s8QLSpeech17RecordingMetadataVMa
000000000000ece8 S _$s8QLSpeech17RecordingMetadataVMn
000000000000e4b0 S _$s8QLSpeech17RecordingMetadataVN
000000000000de60 S _$s8QLSpeech17RecordingMetadataVSEAAMc
000000000000de38 S _$s8QLSpeech17RecordingMetadataVSeAAMc
0000000000002938 T _$s8QLSpeech17RecordingMetadataVWOh
0000000000008a7c T _$s8QLSpeech22MicrophoneRecordingTapC13captureOutput_03didF04fromySo09AVCaptureF0C_So17CMSampleBufferRefaSo0I10ConnectionCtF
0000000000008d04 T _$s8QLSpeech22MicrophoneRecordingTapC5drainyyYaF
000000000000de30 S _$s8QLSpeech22MicrophoneRecordingTapC5drainyyYaFTu
000000000000877c T _$s8QLSpeech22MicrophoneRecordingTapC6output8recorderACSgSo24AVCaptureAudioDataOutputC_AA0H12FileRecorderCtcfC
000000000000edc8 S _$s8QLSpeech22MicrophoneRecordingTapC6output8recorderACSgSo24AVCaptureAudioDataOutputC_AA0H12FileRecorderCtcfCTq
00000000000087bc T _$s8QLSpeech22MicrophoneRecordingTapC6output8recorderACSgSo24AVCaptureAudioDataOutputC_AA0H12FileRecorderCtcfc
0000000000009294 T _$s8QLSpeech22MicrophoneRecordingTapCACycfC
00000000000092bc T _$s8QLSpeech22MicrophoneRecordingTapCACycfc
000000000000bc3c T _$s8QLSpeech22MicrophoneRecordingTapCMa
000000000000ed94 S _$s8QLSpeech22MicrophoneRecordingTapCMn
000000000000f8d8 S _$s8QLSpeech22MicrophoneRecordingTapCN
0000000000009340 T _$s8QLSpeech22MicrophoneRecordingTapCfD
0000000000009388 T _$s8QLSpeech22MicrophoneRecordingTapCfETo
000000000000ecb8 S _$s8QLSpeechMXM
000000000000cfd8 D _$s9CoreAudio013UnsafeMutableB17BufferListPointerVACSTAAWL
00000000000096d0 T _$s9CoreAudio013UnsafeMutableB17BufferListPointerVACSTAAWl
000000000000cf80 D _$s9CoreAudio013UnsafeMutableB17BufferListPointerVACSlAAWL
0000000000000b00 T _$s9CoreAudio013UnsafeMutableB17BufferListPointerVACSlAAWl
0000000000005838 T _$sIegh_IeyBh_TR
000000000000d008 D _$sS2iSZsWL
0000000000009c9c T _$sS2iSZsWl
000000000000e1a8 S _$sSSSgMR
000000000000d1f8 D _$sSSSgMd
000000000000cc80 T _$sSSSgWOc
00000000000028e8 T _$sSSSgWOh
000000000000ccbc T _$sSSSg_AAtWOh
000000000000cd58 T _$sSSWOc
0000000000002910 T _$sSSWOh
000000000000c8d8 T _$sSa22_allocateUninitializedySayxG_SpyxGtSiFZ8Dispatch0C13WorkItemFlagsV_Tt0gq5
000000000000c80c T _$sSa22_allocateUninitializedySayxG_SpyxGtSiFZSo17OS_dispatch_queueC8DispatchE10AttributesV_Tt0gq5
000000000000dde0 S _$sSay10Foundation4DataVGMR
000000000000cfa0 D _$sSay10Foundation4DataVGMd
000000000000cfa8 D _$sSay10Foundation4DataVGSayxGSTsWL
00000000000014f0 T _$sSay10Foundation4DataVGSayxGSTsWl
000000000000143c T _$sSay10Foundation4DataVGWOc
00000000000015dc T _$sSay10Foundation4DataVGWOh
000000000000e1b0 S _$sSay8Dispatch0A13WorkItemFlagsVGMR
000000000000d210 D _$sSay8Dispatch0A13WorkItemFlagsVGMd
000000000000d218 D _$sSay8Dispatch0A13WorkItemFlagsVGSayxGSTsWL
000000000000ce00 T _$sSay8Dispatch0A13WorkItemFlagsVGSayxGSTsWl
000000000000e1b8 S _$sSaySo17OS_dispatch_queueC8DispatchE10AttributesVGMR
000000000000d228 D _$sSaySo17OS_dispatch_queueC8DispatchE10AttributesVGMd
000000000000d230 D _$sSaySo17OS_dispatch_queueC8DispatchE10AttributesVGSayxGSTsWL
000000000000cee0 T _$sSaySo17OS_dispatch_queueC8DispatchE10AttributesVGSayxGSTsWl
000000000000927c T _$sScC6resumeyyytRszrlF
000000000000e1a0 S _$sScCy8QLSpeech17RecordingMetadataVs5NeverOGMR
000000000000d1f0 D _$sScCy8QLSpeech17RecordingMetadataVs5NeverOGMd
000000000000e198 S _$sScCyyts5NeverOGMR
000000000000d1e8 D _$sScCyyts5NeverOGMd
000000000000cab0 T _$sSccySccyxq_GBccfC
0000000000000498 T _$sSlsE3mapySayqd__Gqd__7ElementQzqd_0_YKXEqd_0_YKs5ErrorRd_0_r0_lF
000000000000de08 S _$sSnySiGMR
000000000000cff8 D _$sSnySiGMd
000000000000d000 D _$sSnySiGSnyxGSlsSxRzSZ6StrideRpzrlWL
0000000000009c10 T _$sSnySiGSnyxGSlsSxRzSZ6StrideRpzrlWl
00000000000012dc T _$sSo13AVAudioFormatC06commonB010sampleRate8channels11interleavedABSgSo0a6CommonB0V_Sds6UInt32VSbtcfC
000000000000940c T _$sSo13AVAudioFormatC06commonB010sampleRate8channels11interleavedABSgSo0a6CommonB0V_Sds6UInt32VSbtcfcTO
00000000000062dc T _$sSo13AVAudioFormatC17streamDescriptionABSgSPySo016AudioStreamBasicD0VG_tcfC
00000000000094dc T _$sSo13AVAudioFormatC17streamDescriptionABSgSPySo016AudioStreamBasicD0VG_tcfcTO
000000000000cf88 D _$sSo13AVAudioFormatCML
000000000000127c T _$sSo13AVAudioFormatCMa
0000000000009bb8 T _$sSo13AVAudioFormatCSgWOh
00000000000098a0 T _$sSo13AVAudioFormatCSg_ACtWOh
0000000000008c20 T _$sSo15AVCaptureOutputCSo17CMSampleBufferRefaSo0A10ConnectionCIegyyy_AbdFIegggg_TR
0000000000006600 T _$sSo16AVAudioConverterC4from2toABSgSo0A6FormatC_AGtcfC
00000000000094f8 T _$sSo16AVAudioConverterC4from2toABSgSo0A6FormatC_AGtcfcTO
000000000000cff0 D _$sSo16AVAudioConverterCML
0000000000009b58 T _$sSo16AVAudioConverterCMa
0000000000009dec T _$sSo16AVAudioConverterCSgWOh
00000000000013f8 T _$sSo16AVAudioPCMBufferC9pcmFormat13frameCapacityABSgSo0aD0C_s6UInt32VtcfC
0000000000009440 T _$sSo16AVAudioPCMBufferC9pcmFormat13frameCapacityABSgSo0aD0C_s6UInt32VtcfcTO
000000000000cf98 D _$sSo16AVAudioPCMBufferCML
0000000000001398 T _$sSo16AVAudioPCMBufferCMa
000000000000d1c8 D _$sSo17CMSampleBufferRefaML
000000000000bcf4 T _$sSo17CMSampleBufferRefaMa
000000000000e698 S _$sSo17CMSampleBufferRefaMf
000000000000edfc S _$sSo17CMSampleBufferRefaMn
000000000000d220 D _$sSo17OS_dispatch_queueC8DispatchE10AttributesVAEs10SetAlgebraACWL
000000000000ce74 T _$sSo17OS_dispatch_queueC8DispatchE10AttributesVAEs10SetAlgebraACWl
0000000000005880 T _$sSo17OS_dispatch_queueC8DispatchE5async5group3qos5flags7executeySo0a1_b1_F0CSg_AC0D3QoSVAC0D13WorkItemFlagsVyyXBtFfA0_
0000000000005894 T _$sSo17OS_dispatch_queueC8DispatchE5async5group3qos5flags7executeySo0a1_b1_F0CSg_AC0D3QoSVAC0D13WorkItemFlagsVyyXBtFfA1_
00000000000032fc T _$sSo17OS_dispatch_queueC8DispatchE5label3qos10attributes20autoreleaseFrequency6targetABSS_AC0D3QoSVAbCE10AttributesVAbCE011AutoreleaseI0OABSgtcfcfA1_
0000000000003398 T _$sSo17OS_dispatch_queueC8DispatchE5label3qos10attributes20autoreleaseFrequency6targetABSS_AC0D3QoSVAbCE10AttributesVAbCE011AutoreleaseI0OABSgtcfcfA2_
000000000000cfd0 D _$sSo17OS_dispatch_queueCML
0000000000009670 T _$sSo17OS_dispatch_queueCMa
000000000000f994 S _$sSo19AVAudioCommonFormatVMB
000000000000d1c0 D _$sSo19AVAudioCommonFormatVML
000000000000bc60 T _$sSo19AVAudioCommonFormatVMa
000000000000e678 S _$sSo19AVAudioCommonFormatVMf
000000000000eddc S _$sSo19AVAudioCommonFormatVMn
000000000000f9a8 S _$sSo27AVAudioConverterInputStatusVMB
000000000000d1d8 D _$sSo27AVAudioConverterInputStatusVML
000000000000bd88 T _$sSo27AVAudioConverterInputStatusVMa
000000000000e6e8 S _$sSo27AVAudioConverterInputStatusVMf
000000000000ee4c S _$sSo27AVAudioConverterInputStatusVMn
00000000000095cc T _$sSo28AVAudioConverterOutputStatusV8rawValueABSgSi_tcfC
000000000000961c T _$sSo28AVAudioConverterOutputStatusV8rawValueSivg
000000000000cfe8 D _$sSo28AVAudioConverterOutputStatusVABSQSCWL
0000000000009abc T _$sSo28AVAudioConverterOutputStatusVABSQSCWl
000000000000d1e0 D _$sSo28AVAudioConverterOutputStatusVABSYSCWL
000000000000bf90 T _$sSo28AVAudioConverterOutputStatusVABSYSCWl
000000000000f980 S _$sSo28AVAudioConverterOutputStatusVMB
000000000000d1d0 D _$sSo28AVAudioConverterOutputStatusVML
0000000000009a28 T _$sSo28AVAudioConverterOutputStatusVMa
000000000000e6c8 S _$sSo28AVAudioConverterOutputStatusVMf
000000000000ee2c S _$sSo28AVAudioConverterOutputStatusVMn
000000000000e0dc S _$sSo28AVAudioConverterOutputStatusVSQSCMc
0000000000009554 T _$sSo28AVAudioConverterOutputStatusVSQSCSQ2eeoiySbx_xtFZTW
000000000000f9bc S _$sSo28AVAudioConverterOutputStatusVSYSCMA
000000000000e028 S _$sSo28AVAudioConverterOutputStatusVSYSCMc
00000000000095f0 T _$sSo28AVAudioConverterOutputStatusVSYSCSY8rawValue03RawF0QzvgTW
000000000000959c T _$sSo28AVAudioConverterOutputStatusVSYSCSY8rawValuexSg03RawF0Qz_tcfCTW
0000000000009b28 T _$sSo7NSErrorCSgWOh
000000000000edd0 S _$sSoMXM
0000000000009638 T _$sSpsRi_zrlE10initialize2toyxn_tF
0000000000009ed8 T _$ss12StaticStringV14withUTF8BufferyxxSRys5UInt8VGXElFxAFXEfU_yt_TGq5
000000000000de10 S _$ss16IndexingIteratorVySnySiGGMR
000000000000d010 D _$ss16IndexingIteratorVySnySiGGMd
000000000000ddf0 S _$ss18EnumeratedSequenceV8IteratorVySay10Foundation4DataVG_GMR
000000000000cfb8 D _$ss18EnumeratedSequenceV8IteratorVySay10Foundation4DataVG_GMd
0000000000001604 T _$ss18EnumeratedSequenceV8IteratorVySay10Foundation4DataVG_GWOh
000000000000dde8 S _$ss18EnumeratedSequenceVySay10Foundation4DataVGGMR
000000000000cfb0 D _$ss18EnumeratedSequenceVySay10Foundation4DataVGGMd
000000000000de00 S _$ss22KeyedDecodingContainerVy8QLSpeech17RecordingMetadataV10CodingKeys33_2C6C4B60A3B3334BC4B77811C358BC27LLOGMR
000000000000cfc8 D _$ss22KeyedDecodingContainerVy8QLSpeech17RecordingMetadataV10CodingKeys33_2C6C4B60A3B3334BC4B77811C358BC27LLOGMd
000000000000ddf8 S _$ss22KeyedEncodingContainerVy8QLSpeech17RecordingMetadataV10CodingKeys33_2C6C4B60A3B3334BC4B77811C358BC27LLOGMR
000000000000cfc0 D _$ss22KeyedEncodingContainerVy8QLSpeech17RecordingMetadataV10CodingKeys33_2C6C4B60A3B3334BC4B77811C358BC27LLOGMd
000000000000a124 T _$ss25_unimplementedInitializer9className04initD04file4line6columns5NeverOs12StaticStringV_A2JS2utFySRys5UInt8VGXEfU_yAMXEfU_
000000000000c158 T _$ss25_unimplementedInitializer9className04initD04file4line6columns5NeverOs12StaticStringV_A2JS2utFySRys5UInt8VGXEfU_yAMXEfU_yAMXEfU_
000000000000845c T _$ss44withCheckedContinuationNonisolatedNonsending8function_xSS_yScCyxs5NeverOGXEtYalF
000000000000de20 S _$ss44withCheckedContinuationNonisolatedNonsending8function_xSS_yScCyxs5NeverOGXEtYalFTu
000000000000c9a4 T _$ss44withCheckedContinuationNonisolatedNonsending8function_xSS_yScCyxs5NeverOGXEtYalFyBcXEfU_
000000000000cfe0 D _$ss6UInt32VABSzsWL
00000000000098e4 T _$ss6UInt32VABSzsWl
0000000000006704 T _$ss6UInt32VSpySo27AVAudioConverterInputStatusVGSo0B6BufferCSgIegyyo_AbeHIyByya_TR
0000000000009870 T _$ss6UInt32VSpySo27AVAudioConverterInputStatusVGSo0B6BufferCSgIegyyo_SgWOe
00000000000066e4 T _$ss6UInt32VSpySo27AVAudioConverterInputStatusVGSo0B6BufferCSgIgyyo_AbeHIegyyo_TR
000000000000bffc T _$ss7UnicodeO6ScalarV17withUTF8CodeUnitsyxxSRys5UInt8VGq_YKXEq_YKs5ErrorR_r0_lFxSPys6UInt64VGq_YKXEfU_yt_s5NeverOTgq5
0000000000009f08 T _$ss7UnicodeO6ScalarV17withUTF8CodeUnitsyxxSRys5UInt8VGq_YKXEq_YKs5ErrorR_r0_lFyt_s5NeverOTgq5
000000000000f8d8 S _OBJC_CLASS_$__TtC8QLSpeech22MicrophoneRecordingTap
000000000000d138 D _OBJC_METACLASS_$__TtC8QLSpeech22MicrophoneRecordingTap
000000000000f958 S __OBJC_LABEL_PROTOCOL_$_AVCaptureAudioDataOutputSampleBufferDelegate
000000000000f968 S __OBJC_LABEL_PROTOCOL_$_NSObject
000000000000d160 D __OBJC_PROTOCOL_$_AVCaptureAudioDataOutputSampleBufferDelegate
000000000000d240 D __OBJC_PROTOCOL_$_NSObject
0000000000002888 T ___swift_destroy_boxed_opaque_existential_1
0000000000001564 T ___swift_instantiateConcreteTypeFromMangledNameAbstractV2
0000000000001470 T ___swift_instantiateConcreteTypeFromMangledNameV2
000000000000b25c T ___swift_memcpy1_1
000000000000b8a8 T ___swift_memcpy32_8
000000000000a9b8 T ___swift_memcpy40_8
000000000000aeac T ___swift_memcpy41_8
000000000000b268 T ___swift_noop_void_return
00000000000023a8 T ___swift_project_boxed_opaque_existential_1
000000000000e1c0 S ___swift_reflection_version
000000000000e630 S __swift_FORCE_LOAD_$_swiftAVFoundation_$_QLSpeech
000000000000e648 S __swift_FORCE_LOAD_$_swiftCoreAudio_$_QLSpeech
000000000000e620 S __swift_FORCE_LOAD_$_swiftCoreFoundation_$_QLSpeech
000000000000e650 S __swift_FORCE_LOAD_$_swiftCoreImage_$_QLSpeech
000000000000e660 S __swift_FORCE_LOAD_$_swiftCoreMIDI_$_QLSpeech
000000000000e610 S __swift_FORCE_LOAD_$_swiftDispatch_$_QLSpeech
000000000000e618 S __swift_FORCE_LOAD_$_swiftFoundation_$_QLSpeech
000000000000e628 S __swift_FORCE_LOAD_$_swiftIOKit_$_QLSpeech
000000000000e640 S __swift_FORCE_LOAD_$_swiftMetal_$_QLSpeech
000000000000e5e8 S __swift_FORCE_LOAD_$_swiftOSLog_$_QLSpeech
000000000000e5f8 S __swift_FORCE_LOAD_$_swiftObjectiveC_$_QLSpeech
000000000000e668 S __swift_FORCE_LOAD_$_swiftQuartzCore_$_QLSpeech
000000000000e670 S __swift_FORCE_LOAD_$_swiftSpatial_$_QLSpeech
000000000000e658 S __swift_FORCE_LOAD_$_swiftUniformTypeIdentifiers_$_QLSpeech
000000000000e608 S __swift_FORCE_LOAD_$_swiftXPC_$_QLSpeech
000000000000e600 S __swift_FORCE_LOAD_$_swift_Builtin_float_$_QLSpeech
000000000000e5f0 S __swift_FORCE_LOAD_$_swiftos_$_QLSpeech
000000000000e638 S __swift_FORCE_LOAD_$_swiftsimd_$_QLSpeech
000000000000cac4 T __swift_implicitisolationactor_to_executor_cast
000000000000dda2 S _associated conformance 8QLSpeech17RecordingMetadataV10CodingKeys33_2C6C4B60A3B3334BC4B77811C358BC27LLOSHAASQ
000000000000dd9a S _associated conformance 8QLSpeech17RecordingMetadataV10CodingKeys33_2C6C4B60A3B3334BC4B77811C358BC27LLOs0D3KeyAAs23CustomStringConvertible
000000000000dd92 S _associated conformance 8QLSpeech17RecordingMetadataV10CodingKeys33_2C6C4B60A3B3334BC4B77811C358BC27LLOs0D3KeyAAs28CustomDebugStringConvertible
000000000000dd26 S _flat unique So44AVCaptureAudioDataOutputSampleBufferDelegate_p
000000000000dd8c S _symbolic $sSY
000000000000dc8e S _symbolic SS
000000000000dc92 S _symbolic SSSg
000000000000db84 S _symbolic Say_____G 10Foundation4DataV
000000000000ddc8 S _symbolic Say_____G 8Dispatch0A13WorkItemFlagsV
000000000000ddd2 S _symbolic Say_____G So17OS_dispatch_queueC8DispatchE10AttributesV
000000000000dbde S _symbolic Sb
000000000000ddb8 S _symbolic ScCy__________G 8QLSpeech17RecordingMetadataV s5NeverO
000000000000ddaa S _symbolic ScCyyt_____G s5NeverO
000000000000dc78 S _symbolic Sd
000000000000dbd4 S _symbolic Si
000000000000dc22 S _symbolic SnySiG
000000000000dcf0 S _symbolic So13AVAudioFormatC
000000000000dc46 S _symbolic So15AVCaptureOutputC_____So0A10ConnectionCIegyyy_ So17CMSampleBufferRefa
000000000000dcd8 S _symbolic So16AVAudioConverterCSg
000000000000dbe2 S _symbolic So16AVAudioPCMBufferC
000000000000dcac S _symbolic So17OS_dispatch_queueC
000000000000dd62 S _symbolic So24AVCaptureAudioDataOutputC
000000000000dd12 S _symbolic So8NSObjectC
000000000000dcca S _symbolic _____ 10Foundation3URLV
000000000000dbd8 S _symbolic _____ 8QLSpeech15RecordingPacket33_2C6C4B60A3B3334BC4B77811C358BC27LLV
000000000000dcc4 S _symbolic _____ 8QLSpeech16RecordingBatchesC
000000000000dbce S _symbolic _____ 8QLSpeech17AudioFileRecorderC
000000000000dd0c S _symbolic _____ 8QLSpeech17AudioFileRecorderC9Admission33_2C6C4B60A3B3334BC4B77811C358BC27LLV
000000000000dc88 S _symbolic _____ 8QLSpeech17RecordingMetadataV
000000000000dc98 S _symbolic _____ 8QLSpeech17RecordingMetadataV10CodingKeys33_2C6C4B60A3B3334BC4B77811C358BC27LLO
000000000000dd20 S _symbolic _____ 8QLSpeech22MicrophoneRecordingTapC
000000000000dc82 S _symbolic _____ So19AVAudioCommonFormatV
000000000000dd86 S _symbolic _____ So27AVAudioConverterInputStatusV
000000000000dd80 S _symbolic _____ So28AVAudioConverterOutputStatusV
000000000000dc7c S _symbolic _____ s6UInt32V
000000000000dd04 S _symbolic _____Sg 8QLSpeech14MP3FileEncoderC
000000000000dbf8 S _symbolic _____Spy_____GSo13AVAudioBufferCSgIgyyo_ s6UInt32V So27AVAudioConverterInputStatusV
000000000000dd5a S _symbolic ______p So44AVCaptureAudioDataOutputSampleBufferDelegateP
000000000000db8e S _symbolic _____ySay_____GG s18EnumeratedSequenceV 10Foundation4DataV
000000000000dba0 S _symbolic _____ySay_____G_G s18EnumeratedSequenceV8IteratorV 10Foundation4DataV
000000000000dc2a S _symbolic _____ySnySiGG s16IndexingIteratorV
000000000000dc9e S _symbolic _____y_____G 15Synchronization5MutexVAARi_zrlE 8QLSpeech17AudioFileRecorderC9Admission33_2C6C4B60A3B3334BC4B77811C358BC27LLV
000000000000dc38 S _symbolic _____y_____G 15Synchronization5_CellVAARi_zrlE 8QLSpeech17AudioFileRecorderC9Admission33_2C6C4B60A3B3334BC4B77811C358BC27LLV
000000000000dbc0 S _symbolic _____y_____G s22KeyedDecodingContainerV 8QLSpeech17RecordingMetadataV10CodingKeys33_2C6C4B60A3B3334BC4B77811C358BC27LLO
000000000000dbb2 S _symbolic _____y_____G s22KeyedEncodingContainerV 8QLSpeech17RecordingMetadataV10CodingKeys33_2C6C4B60A3B3334BC4B77811C358BC27LLO
000000000000dcd0 S _symbolic ySSYbc
000000000000f950 S l_OBJC_LABEL_PROTOCOL_$_AVCaptureAudioDataOutputSampleBufferDelegate
000000000000f960 S l_OBJC_LABEL_PROTOCOL_$_NSObject
000000000000f970 S l_OBJC_PROTOCOL_REFERENCE_$_AVCaptureAudioDataOutputSampleBufferDelegate
000000000000f978 S l_OBJC_PROTOCOL_REFERENCE_$_NSObject
000000000000df78 S l_OBJC_PROTOCOL_SYMREF_$_AVCaptureAudioDataOutputSampleBufferDelegate

SystemAudioInput-1.o:
000000000000d358 S _$s16ScreenCaptureKitMXM
0000000000006ee0 T _$s2os0A11LogInternal_3log4typeyAA12OSLogMessageV_So03OS_a1_D0CSo0a1_d1_E2_tatFyySpys5UInt8VGz_SpySo8NSObjectCSgGSgzSpyypGSgztcXEfU_
0000000000006e7c T _$s2os13createStorage8capacity4typeSpyxGSgSi_xmtlF
00000000000082c0 T _$s2os14OSLogArgumentsV6appendyySSycFySpys5UInt8VGz_SpySo8NSObjectCSgGSgzSpyypGSgztcfU_
0000000000009dc4 T _$s2os14OSLogArgumentsV6appendyys5UInt8VFySpyAFGz_SpySo8NSObjectCSgGSgzSpyypGSgztcfU_
0000000000006f24 T _$s2os14destroyStorage_5countySpyxGSg_SitlF
00000000000082a0 T _$s2os18OSLogInterpolationV06appendC0_5align7privacyySSyXA_AA0B15StringAlignmentVAA0B7PrivacyVtFSSycfu_
0000000000008348 T _$s2os32getNullTerminatedUTF8PointerImpl_21storingStringOwnersInSVSS_SpyypGSgztF
0000000000006ecc T _$s2os9serialize_2atys5UInt8V_SpyAEGztF
000000000000adc0 T _$s7ElementQzSgs14_ArrayProtocolRzs5ErrorRd__r__lWOh
000000000000d364 S _$s8AVFAudioMXM
000000000000b2f8 D _$s8Dispatch0A13WorkItemFlagsVACs10SetAlgebraAAWL
000000000000ac94 T _$s8Dispatch0A13WorkItemFlagsVACs10SetAlgebraAAWl
000000000000b390 S _$s8QLSpeech12BoundedInputCy6Speech08AnalyzerC0VGMR
000000000000b0e0 D _$s8QLSpeech12BoundedInputCy6Speech08AnalyzerC0VGMd
000000000000b158 D _$s8QLSpeech13SpeechFailureVACs5ErrorAAWL
0000000000002124 T _$s8QLSpeech13SpeechFailureVACs5ErrorAAWl
00000000000000f8 T _$s8QLSpeech16SystemAudioInputC10audioQueue33_E57BECDE97493A1D930F60AB45EC9B33LLSo17OS_dispatch_queueCvpfi
000000000000062c T _$s8QLSpeech16SystemAudioInputC13framePosition33_E57BECDE97493A1D930F60AB45EC9B33LLs5Int64Vvpfi
0000000000002adc T _$s8QLSpeech16SystemAudioInputC4stopyyYaF
000000000000b3c0 S _$s8QLSpeech16SystemAudioInputC4stopyyYaFTu
00000000000000bc T _$s8QLSpeech16SystemAudioInputC5inputAA07BoundedD0Cy6Speech08AnalyzerD0VGvg
000000000000b0e8 D _$s8QLSpeech16SystemAudioInputC5inputAA07BoundedD0Cy6Speech08AnalyzerD0VGvpWvd
0000000000000000 T _$s8QLSpeech16SystemAudioInputC5inputAA07BoundedD0Cy6Speech08AnalyzerD0VGvpfi
0000000000000d2c T _$s8QLSpeech16SystemAudioInputC5startyyYaKF
000000000000b398 S _$s8QLSpeech16SystemAudioInputC5startyyYaKFTu
0000000000000924 T _$s8QLSpeech16SystemAudioInputC6format6timing8recorderACSo13AVAudioFormatC_AA12SpeechTimingCAA0C12FileRecorderCSgtcfC
000000000000d2e4 S _$s8QLSpeech16SystemAudioInputC6format6timing8recorderACSo13AVAudioFormatC_AA12SpeechTimingCAA0C12FileRecorderCSgtcfCTq
000000000000096c T _$s8QLSpeech16SystemAudioInputC6format6timing8recorderACSo13AVAudioFormatC_AA12SpeechTimingCAA0C12FileRecorderCSgtcfc
00000000000007dc T _$s8QLSpeech16SystemAudioInputC6logger33_E57BECDE97493A1D930F60AB45EC9B33LL2os6LoggerVvpfi
000000000000041c T _$s8QLSpeech16SystemAudioInputC6stream33_E57BECDE97493A1D930F60AB45EC9B33LLSo8SCStreamCSgvpfi
0000000000003cf8 T _$s8QLSpeech16SystemAudioInputC6stream_16didStopWithErrorySo8SCStreamC_s0I0_ptF
0000000000004340 T _$s8QLSpeech16SystemAudioInputC6stream_21didOutputSampleBuffer2ofySo8SCStreamC_So08CMSampleI3RefaSo0kG4TypeVtF
00000000000006fc T _$s8QLSpeech16SystemAudioInputC9accepting33_E57BECDE97493A1D930F60AB45EC9B33LLSbvpfi
0000000000000524 T _$s8QLSpeech16SystemAudioInputC9converter33_E57BECDE97493A1D930F60AB45EC9B33LLSo16AVAudioConverterCSgvpfi
00000000000068c8 T _$s8QLSpeech16SystemAudioInputCACycfC
00000000000068f0 T _$s8QLSpeech16SystemAudioInputCACycfc
000000000000a770 T _$s8QLSpeech16SystemAudioInputCMa
000000000000d2a4 S _$s8QLSpeech16SystemAudioInputCMn
000000000000d1f0 S _$s8QLSpeech16SystemAudioInputCN
0000000000006974 T _$s8QLSpeech16SystemAudioInputCfD
00000000000069bc T _$s8QLSpeech16SystemAudioInputCfETo
000000000000a730 T _$s8QLSpeech17AudioFileRecorderCSgWOh
000000000000d298 S _$s8QLSpeechMXM
0000000000003a74 T _$sIegh_IeyBh_TR
0000000000008294 T _$sSa12_endMutationyyF
0000000000009850 T _$sSa12_endMutationyyFs5UInt8V_Tgq5
00000000000091a0 T _$sSa13_adoptStorage_5countSayxG_SpyxGts016_ContiguousArrayB0CyxGn_SitFZs5UInt8V_Tt1gq5
00000000000081c8 T _$sSa22_allocateUninitializedySayxG_SpyxGtSiFZ8Dispatch0C13WorkItemFlagsV_Tt0gq5
0000000000007fdc T _$sSa22_allocateUninitializedySayxG_SpyxGtSiFZSo17OS_dispatch_queueC8DispatchE10AttributesV_Tt0gq5
0000000000009584 T _$sSa5countSivgs5UInt8V_Tgq5
0000000000009210 T _$sSa6append10contentsOfyqd__n_t7ElementQyd__RszSTRd__lFs5UInt8V_SayAFGTgq5
00000000000099a8 T _$sSa9_getCountSiyFs5UInt8V_Tgq5
000000000000b5a0 S _$sSay8Dispatch0A13WorkItemFlagsVGMR
000000000000b300 D _$sSay8Dispatch0A13WorkItemFlagsVGMd
000000000000b308 D _$sSay8Dispatch0A13WorkItemFlagsVGSayxGSTsWL
000000000000ad00 T _$sSay8Dispatch0A13WorkItemFlagsVGSayxGSTsWl
000000000000b5b0 S _$sSaySo17OS_dispatch_queueC8DispatchE10AttributesVGMR
000000000000b320 D _$sSaySo17OS_dispatch_queueC8DispatchE10AttributesVGMd
000000000000b328 D _$sSaySo17OS_dispatch_queueC8DispatchE10AttributesVGSayxGSTsWL
000000000000ae88 T _$sSaySo17OS_dispatch_queueC8DispatchE10AttributesVGSayxGSTsWl
000000000000b3b8 S _$sSaySo20SCRunningApplicationCGMR
000000000000b168 D _$sSaySo20SCRunningApplicationCGMd
000000000000b170 D _$sSaySo20SCRunningApplicationCGSayxGs14_ArrayProtocolsWL
000000000000273c T _$sSaySo20SCRunningApplicationCGSayxGs14_ArrayProtocolsWl
000000000000b3b0 S _$sSaySo9SCDisplayCGMR
000000000000b148 D _$sSaySo9SCDisplayCGMd
000000000000b150 D _$sSaySo9SCDisplayCGSayxGSlsWL
0000000000002038 T _$sSaySo9SCDisplayCGSayxGSlsWl
0000000000003a5c T _$sScC6resumeyyytRszrlF
000000000000b3a8 S _$sScCySo18SCShareableContentCs5Error_pGMR
000000000000b130 D _$sScCySo18SCShareableContentCs5Error_pGMd
000000000000b3a0 S _$sScCyyts5Error_pGMR
000000000000b128 D _$sScCyyts5Error_pGMd
000000000000b598 S _$sScCyyts5NeverOGMR
000000000000b2f0 D _$sScCyyts5NeverOGMd
00000000000081b4 T _$sSccySccyxq_GBccfC
0000000000006634 T _$sSo13AVAudioFormatC17streamDescriptionABSgSPySo016AudioStreamBasicD0VG_tcfC
0000000000006bf4 T _$sSo13AVAudioFormatC17streamDescriptionABSgSPySo016AudioStreamBasicD0VG_tcfcTO
000000000000b1b0 D _$sSo13AVAudioFormatCML
000000000000a2a0 T _$sSo13AVAudioFormatCMa
000000000000a6a0 T _$sSo13AVAudioFormatCSgWOh
000000000000a388 T _$sSo13AVAudioFormatCSg_ACtWOh
0000000000002870 T _$sSo15SCContentFilterC7display21excludingApplications16exceptingWindowsABSo9SCDisplayC_SaySo20SCRunningApplicationCGSaySo8SCWindowCGtcfC
0000000000006aac T _$sSo15SCContentFilterC7display21excludingApplications16exceptingWindowsABSo9SCDisplayC_SaySo20SCRunningApplicationCGSaySo8SCWindowCGtcfcTO
000000000000b178 D _$sSo15SCContentFilterCML
00000000000027b0 T _$sSo15SCContentFilterCMa
00000000000066b4 T _$sSo16AVAudioConverterC4from2toABSgSo0A6FormatC_AGtcfC
0000000000006c58 T _$sSo16AVAudioConverterC4from2toABSgSo0A6FormatC_AGtcfcTO
000000000000b1d0 D _$sSo16AVAudioConverterCML
000000000000a640 T _$sSo16AVAudioConverterCMa
000000000000a700 T _$sSo16AVAudioConverterCSgWOh
0000000000006670 T _$sSo16AVAudioPCMBufferC9pcmFormat13frameCapacityABSgSo0aD0C_s6UInt32VtcfC
0000000000006c10 T _$sSo16AVAudioPCMBufferC9pcmFormat13frameCapacityABSgSo0aD0C_s6UInt32VtcfcTO
000000000000b1b8 D _$sSo16AVAudioPCMBufferCML
000000000000a300 T _$sSo16AVAudioPCMBufferCMa
000000000000b318 D _$sSo17OS_dispatch_queueC8DispatchE10AttributesVAEs10SetAlgebraACWL
000000000000ae1c T _$sSo17OS_dispatch_queueC8DispatchE10AttributesVAEs10SetAlgebraACWl
0000000000003abc T _$sSo17OS_dispatch_queueC8DispatchE5async5group3qos5flags7executeySo0a1_b1_F0CSg_AC0D3QoSVAC0D13WorkItemFlagsVyyXBtFfA0_
0000000000003ad0 T _$sSo17OS_dispatch_queueC8DispatchE5async5group3qos5flags7executeySo0a1_b1_F0CSg_AC0D3QoSVAC0D13WorkItemFlagsVyyXBtFfA1_
00000000000002ac T _$sSo17OS_dispatch_queueC8DispatchE5label3qos10attributes20autoreleaseFrequency6targetABSS_AC0D3QoSVAbCE10AttributesVAbCE011AutoreleaseI0OABSgtcfcfA1_
0000000000000348 T _$sSo17OS_dispatch_queueC8DispatchE5label3qos10attributes20autoreleaseFrequency6targetABSS_AC0D3QoSVAbCE10AttributesVAbCE011AutoreleaseI0OABSgtcfcfA2_
000000000000b0f0 D _$sSo17OS_dispatch_queueCML
000000000000024c T _$sSo17OS_dispatch_queueCMa
000000000000b138 D _$sSo18SCShareableContentCML
0000000000001d78 T _$sSo18SCShareableContentCMa
0000000000001dd8 T _$sSo18SCShareableContentCSgSo7NSErrorCSgIeyBhyy_ABTZ_
0000000000006d74 T _$sSo18SCStreamOutputTypeV8rawValueABSgSi_tcfC
0000000000006dc4 T _$sSo18SCStreamOutputTypeV8rawValueSivg
000000000000b1a8 D _$sSo18SCStreamOutputTypeVABSQSCWL
000000000000a100 T _$sSo18SCStreamOutputTypeVABSQSCWl
000000000000b2d8 D _$sSo18SCStreamOutputTypeVABSYSCWL
000000000000a988 T _$sSo18SCStreamOutputTypeVABSYSCWl
000000000000d45c S _$sSo18SCStreamOutputTypeVMB
000000000000b2d0 D _$sSo18SCStreamOutputTypeVML
000000000000a06c T _$sSo18SCStreamOutputTypeVMa
000000000000c870 S _$sSo18SCStreamOutputTypeVMf
000000000000d338 S _$sSo18SCStreamOutputTypeVMn
000000000000b564 S _$sSo18SCStreamOutputTypeVSQSCMc
0000000000006cb4 T _$sSo18SCStreamOutputTypeVSQSCSQ2eeoiySbx_xtFZTW
000000000000d498 S _$sSo18SCStreamOutputTypeVSYSCMA
000000000000b4b4 S _$sSo18SCStreamOutputTypeVSYSCMc
0000000000006d98 T _$sSo18SCStreamOutputTypeVSYSCSY8rawValue03RawE0QzvgTW
0000000000006d44 T _$sSo18SCStreamOutputTypeVSYSCSY8rawValuexSg03RawE0Qz_tcfCTW
000000000000b160 D _$sSo20SCRunningApplicationCML
0000000000002188 T _$sSo20SCRunningApplicationCMa
000000000000291c T _$sSo21SCStreamConfigurationCABycfC
0000000000006b70 T _$sSo21SCStreamConfigurationCABycfcTO
000000000000b188 D _$sSo21SCStreamConfigurationCML
00000000000028bc T _$sSo21SCStreamConfigurationCMa
000000000000d484 S _$sSo27AVAudioConverterInputStatusVMB
000000000000b2c8 D _$sSo27AVAudioConverterInputStatusVML
000000000000a8f4 T _$sSo27AVAudioConverterInputStatusVMa
000000000000c850 S _$sSo27AVAudioConverterInputStatusVMf
000000000000d318 S _$sSo27AVAudioConverterInputStatusVMn
0000000000006e10 T _$sSo28AVAudioConverterOutputStatusV8rawValueABSgSi_tcfC
0000000000006e60 T _$sSo28AVAudioConverterOutputStatusV8rawValueSivg
000000000000b1c0 D _$sSo28AVAudioConverterOutputStatusVABSQSCWL
000000000000a540 T _$sSo28AVAudioConverterOutputStatusVABSQSCWl
000000000000b2e0 D _$sSo28AVAudioConverterOutputStatusVABSYSCWL
000000000000a9f4 T _$sSo28AVAudioConverterOutputStatusVABSYSCWl
000000000000d470 S _$sSo28AVAudioConverterOutputStatusVMB
000000000000b2c0 D _$sSo28AVAudioConverterOutputStatusVML
000000000000a4ac T _$sSo28AVAudioConverterOutputStatusVMa
000000000000c830 S _$sSo28AVAudioConverterOutputStatusVMf
000000000000d2f8 S _$sSo28AVAudioConverterOutputStatusVMn
000000000000b538 S _$sSo28AVAudioConverterOutputStatusVSQSCMc
0000000000006cfc T _$sSo28AVAudioConverterOutputStatusVSQSCSQ2eeoiySbx_xtFZTW
000000000000d4b0 S _$sSo28AVAudioConverterOutputStatusVSYSCMA
000000000000b4fc S _$sSo28AVAudioConverterOutputStatusVSYSCMc
0000000000006e34 T _$sSo28AVAudioConverterOutputStatusVSYSCSY8rawValue03RawF0QzvgTW
0000000000006de0 T _$sSo28AVAudioConverterOutputStatusVSYSCSY8rawValuexSg03RawF0Qz_tcfCTW
00000000000029f4 T _$sSo7NSErrorCSgIeyBhy_ytTZ_
000000000000a5ac T _$sSo7NSErrorCSgWOh
000000000000b3d8 S _$sSo8NSObjectCSgMR
000000000000b1a0 D _$sSo8NSObjectCSgMd
00000000000029a8 T _$sSo8SCStreamC6filter13configuration8delegateABSo15SCContentFilterC_So0A13ConfigurationCSo0A8Delegate_pSgtcfC
0000000000006b88 T _$sSo8SCStreamC6filter13configuration8delegateABSo15SCContentFilterC_So0A13ConfigurationCSo0A8Delegate_pSgtcfcTO
000000000000b190 D _$sSo8SCStreamCML
0000000000002948 T _$sSo8SCStreamCMa
000000000000a6d0 T _$sSo8SCStreamCSgWOh
000000000000b180 D _$sSo8SCWindowCML
0000000000002810 T _$sSo8SCWindowCMa
000000000000b140 D _$sSo9SCDisplayCML
0000000000001fd8 T _$sSo9SCDisplayCMa
000000000000d2ec S _$sSoMXM
00000000000099b0 T _$sSp10initialize4from5countySPyxG_SitFs5UInt8V_Tgq5
0000000000009c9c T _$sSp14moveInitialize4from5countySpyxG_SitFs5UInt8V_Tgq5
0000000000008984 T _$sSv16initializeMemory2as4from5countSpyxGxm_SPyxGSitlFs5UInt8V_Ttgq5
00000000000084a0 T _$ss11_StringGutsV16_deconstructUTF87scratchyXlSg5owner_xSi6lengthSb11usesScratchSb15allocatedMemorytSwSg_ts8_PointerRzlFSV_Tgq5
00000000000088cc T _$ss11_StringGutsV23_allocateForDeconstructyXl5owner_SVSi6lengthtyF
00000000000096d8 T _$ss11_StringGutsV27_slowEnsureMatchingEncodingySS5IndexVAEF
0000000000006f88 T _$ss12StaticStringV14withUTF8BufferyxxSRys5UInt8VGXElFxAFXEfU_yt_TGq5
0000000000009b04 T _$ss12_ArrayBufferV13_copyContents8subRange12initializingSpyxGSnySiG_AFtFs5UInt8V_Tgq5
000000000000985c T _$ss12_ArrayBufferV20_consumeAndCreateNew14bufferIsUnique15minimumCapacity13growForAppendAByxGSb_SiSbtFs5UInt8V_Tgq5
0000000000002344 T _$ss14_ArrayProtocolPsE6filterySay7ElementQzGSbAEqd__YKXEqd__YKs5ErrorRd__lF
0000000000009824 T _$ss15ContiguousArrayVAByxGycfCs5UInt8V_Ttgq5
0000000000009598 T _$ss22_ContiguousArrayBufferV19_uninitializedCount15minimumCapacityAByxGSi_SitcfCs5UInt8V_Tt1gq5
000000000000b590 S _$ss23_ContiguousArrayStorageCys5UInt8VGMR
000000000000b2e8 D _$ss23_ContiguousArrayStorageCys5UInt8VGMd
00000000000071d4 T _$ss25_unimplementedInitializer9className04initD04file4line6columns5NeverOs12StaticStringV_A2JS2utFySRys5UInt8VGXEfU_yAMXEfU_
0000000000007aac T _$ss25_unimplementedInitializer9className04initD04file4line6columns5NeverOs12StaticStringV_A2JS2utFySRys5UInt8VGXEfU_yAMXEfU_yAMXEfU_
000000000000a360 T _$ss26DefaultStringInterpolationVWOh
0000000000009ec8 T _$ss27_finalizeUninitializedArrayySayxGABnlF
00000000000091e0 T _$ss27_finalizeUninitializedArrayySayxGABnlFs5UInt8V_Tgq5
0000000000008b04 T _$ss32_copyCollectionToContiguousArrayys0dE0Vy7ElementQzGxSlRzlFSS8UTF8ViewV_Tgq5
0000000000001cf4 T _$ss34_createCheckedThrowingContinuationyScCyxs5Error_pGSccyxsAB_pGnlF
0000000000002258 T _$ss34_resumeCheckedThrowingContinuationyyScCyxs5Error_pG_xntlF
00000000000021e8 T _$ss43_resumeCheckedThrowingContinuationWithErroryyScCyxs0F0_pG_sAB_pntlF
0000000000003b6c T _$ss44withCheckedContinuationNonisolatedNonsending8function_xSS_yScCyxs5NeverOGXEtYalF
000000000000b3c8 S _$ss44withCheckedContinuationNonisolatedNonsending8function_xSS_yScCyxs5NeverOGXEtYalFTu
00000000000080a8 T _$ss44withCheckedContinuationNonisolatedNonsending8function_xSS_yScCyxs5NeverOGXEtYalFyBcXEfU_
000000000000b5a8 S _$ss5Error_pMR
000000000000b310 D _$ss5Error_pMd
000000000000b1c8 D _$ss6UInt32VABSzsWL
000000000000a5dc T _$ss6UInt32VABSzsWl
00000000000067b8 T _$ss6UInt32VSpySo27AVAudioConverterInputStatusVGSo0B6BufferCSgIegyyo_AbeHIyByya_TR
000000000000a03c T _$ss6UInt32VSpySo27AVAudioConverterInputStatusVGSo0B6BufferCSgIegyyo_SgWOe
0000000000006798 T _$ss6UInt32VSpySo27AVAudioConverterInputStatusVGSo0B6BufferCSgIgyyo_AbeHIegyyo_TR
0000000000007950 T _$ss7UnicodeO6ScalarV17withUTF8CodeUnitsyxxSRys5UInt8VGq_YKXEq_YKs5ErrorR_r0_lFxSPys6UInt64VGq_YKXEfU_yt_s5NeverOTgq5
0000000000006fb8 T _$ss7UnicodeO6ScalarV17withUTF8CodeUnitsyxxSRys5UInt8VGq_YKXEq_YKs5ErrorR_r0_lFyt_s5NeverOTgq5
000000000000b3d0 S _$sySpys5UInt8VGz_SpySo8NSObjectCSgGSgzSpyypGSgztcMR
000000000000b198 D _$sySpys5UInt8VGz_SpySo8NSObjectCSgGSgzSpyypGSgztcMd
0000000000001f1c T _$sypWOc
000000000000d1f0 S _OBJC_CLASS_$__TtC8QLSpeech16SystemAudioInput
000000000000b1d8 D _OBJC_METACLASS_$__TtC8QLSpeech16SystemAudioInput
000000000000cb48 S __OBJC_LABEL_PROTOCOL_$_NSObject
000000000000cb40 S __OBJC_LABEL_PROTOCOL_$_SCStreamDelegate
000000000000cb30 S __OBJC_LABEL_PROTOCOL_$_SCStreamOutput
000000000000b330 D __OBJC_PROTOCOL_$_NSObject
000000000000b260 D __OBJC_PROTOCOL_$_SCStreamDelegate
000000000000b200 D __OBJC_PROTOCOL_$_SCStreamOutput
0000000000001c98 T ___swift_allocate_boxed_opaque_existential_0
0000000000001f78 T ___swift_destroy_boxed_opaque_existential_0
00000000000020ac T ___swift_instantiateConcreteTypeFromMangledNameAbstractV2
000000000000003c T ___swift_instantiateConcreteTypeFromMangledNameV2
000000000000ad74 T ___swift_project_boxed_opaque_existential_0
000000000000b5b8 S ___swift_reflection_version
000000000000c7e8 S __swift_FORCE_LOAD_$_swiftAVFoundation_$_QLSpeech
000000000000c800 S __swift_FORCE_LOAD_$_swiftCoreAudio_$_QLSpeech
000000000000c7d8 S __swift_FORCE_LOAD_$_swiftCoreFoundation_$_QLSpeech
000000000000c808 S __swift_FORCE_LOAD_$_swiftCoreImage_$_QLSpeech
000000000000c818 S __swift_FORCE_LOAD_$_swiftCoreMIDI_$_QLSpeech
000000000000c7c8 S __swift_FORCE_LOAD_$_swiftDispatch_$_QLSpeech
000000000000c7d0 S __swift_FORCE_LOAD_$_swiftFoundation_$_QLSpeech
000000000000c7e0 S __swift_FORCE_LOAD_$_swiftIOKit_$_QLSpeech
000000000000c7f8 S __swift_FORCE_LOAD_$_swiftMetal_$_QLSpeech
000000000000c7a0 S __swift_FORCE_LOAD_$_swiftOSLog_$_QLSpeech
000000000000c7b0 S __swift_FORCE_LOAD_$_swiftObjectiveC_$_QLSpeech
000000000000c820 S __swift_FORCE_LOAD_$_swiftQuartzCore_$_QLSpeech
000000000000c828 S __swift_FORCE_LOAD_$_swiftSpatial_$_QLSpeech
000000000000c810 S __swift_FORCE_LOAD_$_swiftUniformTypeIdentifiers_$_QLSpeech
000000000000c7c0 S __swift_FORCE_LOAD_$_swiftXPC_$_QLSpeech
000000000000c7b8 S __swift_FORCE_LOAD_$_swift_Builtin_float_$_QLSpeech
000000000000c7a8 S __swift_FORCE_LOAD_$_swiftos_$_QLSpeech
000000000000c7f0 S __swift_FORCE_LOAD_$_swiftsimd_$_QLSpeech
000000000000aad8 T __swift_implicitisolationactor_to_executor_cast
000000000000b09e S _symbolic $sSY
000000000000af7c S _symbolic SSIego_
000000000000af50 S _symbolic SaySo20SCRunningApplicationCG
000000000000af3e S _symbolic SaySo9SCDisplayCG
000000000000b0c0 S _symbolic Say_____G 8Dispatch0A13WorkItemFlagsV
000000000000b0ca S _symbolic Say_____G So17OS_dispatch_queueC8DispatchE10AttributesV
000000000000afc2 S _symbolic Sb
000000000000af1a S _symbolic ScCySo18SCShareableContentC______pG s5ErrorP
000000000000b0b2 S _symbolic ScCyyt_____G s5NeverO
000000000000af0a S _symbolic ScCyyt______pG s5ErrorP
000000000000b09a S _symbolic Si
000000000000b032 S _symbolic So13AVAudioFormatC
000000000000b056 S _symbolic So16AVAudioConverterCSg
000000000000afc6 S _symbolic So16AVAudioPCMBufferC
000000000000b01a S _symbolic So17OS_dispatch_queueC
000000000000b006 S _symbolic So8NSObjectC
000000000000afb2 S _symbolic So8NSObjectCSg
000000000000b046 S _symbolic So8SCStreamCSg
000000000000b074 S _symbolic _____ 2os6LoggerV
000000000000b082 S _symbolic _____ 8QLSpeech12SpeechTimingC
000000000000b014 S _symbolic _____ 8QLSpeech16SystemAudioInputC
000000000000b088 S _symbolic _____ So18SCStreamOutputTypeV
000000000000b094 S _symbolic _____ So27AVAudioConverterInputStatusV
000000000000b08e S _symbolic _____ So28AVAudioConverterOutputStatusV
000000000000b06e S _symbolic _____ s5Int64V
000000000000af76 S _symbolic _____ s5UInt8V
000000000000b07a S _symbolic _____Sg 8QLSpeech17AudioFileRecorderC
000000000000afdc S _symbolic _____Spy_____GSo13AVAudioBufferCSgIgyyo_ s6UInt32V So27AVAudioConverterInputStatusV
000000000000af6e S _symbolic ______p s5ErrorP
000000000000aefc S _symbolic _____y_____G 8QLSpeech12BoundedInputC 6Speech08AnalyzerC0V
000000000000b0a4 S _symbolic _____y_____G s23_ContiguousArrayStorageC s5UInt8V
000000000000af84 S _symbolic ySpy_____Gz_SpySo8NSObjectCSgGSgzSpyypGSgztc s5UInt8V
000000000000cb38 S l_OBJC_LABEL_PROTOCOL_$_NSObject
000000000000cb28 S l_OBJC_LABEL_PROTOCOL_$_SCStreamDelegate
000000000000cb20 S l_OBJC_LABEL_PROTOCOL_$_SCStreamOutput
000000000000cb60 S l_OBJC_PROTOCOL_REFERENCE_$_NSObject
000000000000cb58 S l_OBJC_PROTOCOL_REFERENCE_$_SCStreamDelegate
000000000000cb50 S l_OBJC_PROTOCOL_REFERENCE_$_SCStreamOutput

SpeechSession-1.o:
0000000000031658 D _$s10Foundation16AttributedStringV13CharacterViewVAESlAAWL
0000000000030940 T _$s10Foundation16AttributedStringV13CharacterViewVAESlAAWl
0000000000033fd0 S _$s10Foundation16AttributedStringV5IndexV5lower_AE5uppertMR
0000000000031668 D _$s10Foundation16AttributedStringV5IndexV5lower_AE5uppertMd
0000000000031678 D _$s10Foundation16AttributedStringV5IndexVAESLAAWL
0000000000030a54 T _$s10Foundation16AttributedStringV5IndexVAESLAAWl
0000000000031660 D _$s10Foundation16AttributedStringV5IndexVAESQAAWL
00000000000309ac T _$s10Foundation16AttributedStringV5IndexVAESQAAWl
0000000000031578 D _$s10Foundation4UUIDVACSQAAWL
000000000002f5d8 T _$s10Foundation4UUIDVACSQAAWl
0000000000033d58 S _$s10Foundation4UUIDVSgMR
0000000000031188 D _$s10Foundation4UUIDVSgMd
000000000002e8dc T _$s10Foundation4UUIDVSgWOc
000000000002eba8 T _$s10Foundation4UUIDVSgWOd
000000000002e998 T _$s10Foundation4UUIDVSgWOf
000000000002eaf0 T _$s10Foundation4UUIDVSgWOh
0000000000033ef8 S _$s10Foundation4UUIDVSg_ADtMR
0000000000031570 D _$s10Foundation4UUIDVSg_ADtMd
000000000002f518 T _$s10Foundation4UUIDVSg_ADtWOh
00000000000315e8 D _$s10Foundation6LocaleVACSQAAWL
000000000002fd98 T _$s10Foundation6LocaleVACSQAAWl
0000000000031260 D _$s10Foundation6LocaleVSgML
0000000000033cc8 S _$s10Foundation6LocaleVSgMR
000000000002f32c T _$s10Foundation6LocaleVSgMa
0000000000031130 D _$s10Foundation6LocaleVSgMd
0000000000001d1c T _$s10Foundation6LocaleVSgWOc
0000000000001ebc T _$s10Foundation6LocaleVSgWOf
0000000000002014 T _$s10Foundation6LocaleVSgWOh
00000000000294c0 T _$s2os0A11LogInternal_3log4typeyAA12OSLogMessageV_So03OS_a1_D0CSo0a1_d1_E2_tatFyySpys5UInt8VGz_SpySo8NSObjectCSgGSgzSpyypGSgztcXEfU_
000000000002945c T _$s2os13createStorage8capacity4typeSpyxGSgSi_xmtlF
000000000002aae4 T _$s2os14OSLogArgumentsV6appendyySSycFySpys5UInt8VGz_SpySo8NSObjectCSgGSgzSpyypGSgztcfU_
000000000002f890 T _$s2os14OSLogArgumentsV6appendyySdycFySpys5UInt8VGz_SpySo8NSObjectCSgGSgzSpyypGSgztcfU_
000000000002c5e8 T _$s2os14OSLogArgumentsV6appendyys5UInt8VFySpyAFGz_SpySo8NSObjectCSgGSgzSpyypGSgztcfU_
000000000002c74c T _$s2os14OSLogArgumentsV6appendyyxycs17FixedWidthIntegerRzlFySpys5UInt8VGz_SpySo8NSObjectCSgGSgzSpyypGSgztcfU_
0000000000029504 T _$s2os14destroyStorage_5countySpyxGSg_SitlF
000000000002aac4 T _$s2os18OSLogInterpolationV06appendC0_5align7privacyySSyXA_AA0B15StringAlignmentVAA0B7PrivacyVtFSSycfu_
000000000002f828 T _$s2os18OSLogInterpolationV06appendC0_6format5align7privacyySdyXA_AA0B15FloatFormattingVAA0B15StringAlignmentVAA0B7PrivacyVtFSdycfu_
000000000002caa4 T _$s2os18OSLogInterpolationV06appendC0_6format7privacyySbyXA_AA0B10BoolFormatOAA0B7PrivacyVtFs5Int32Vycfu_
000000000002cb38 T _$s2os18OSLogInterpolationV06appendC0_6format7privacyys5Int32VyXA_AA0bG14ExtendedFormatOAA0B7PrivacyVtFAHycfu_
000000000002ab6c T _$s2os32getNullTerminatedUTF8PointerImpl_21storingStringOwnersInSVSS_SpyypGSgztF
00000000000294ac T _$s2os9serialize_2atys5UInt8V_SpyAEGztF
000000000002c900 T _$s2os9serialize_2atyx_Spys5UInt8VGzts17FixedWidthIntegerRzlFySWXEfU_
00000000000315c0 D _$s6Speech0A11TranscriberC15ReportingOptionOAESHAAWL
000000000002fbe0 T _$s6Speech0A11TranscriberC15ReportingOptionOAESHAAWl
00000000000315c8 D _$s6Speech0A11TranscriberC19TranscriptionOptionOAESHAAWL
000000000002fc4c T _$s6Speech0A11TranscriberC19TranscriptionOptionOAESHAAWl
00000000000315d0 D _$s6Speech0A11TranscriberC21ResultAttributeOptionOAESHAAWL
000000000002fcb8 T _$s6Speech0A11TranscriberC21ResultAttributeOptionOAESHAAWl
0000000000033f98 S _$s6Speech0A11TranscriberC6ResultVSgMR
0000000000031630 D _$s6Speech0A11TranscriberC6ResultVSgMd
00000000000308d8 T _$s6Speech0A11TranscriberC6ResultVSgWOh
0000000000033fa8 S _$s6Speech0A11TranscriberC7resultsQrvpQOy_Qo_13AsyncIteratorSciQxMR
0000000000031640 D _$s6Speech0A11TranscriberC7resultsQrvpQOy_Qo_13AsyncIteratorSciQxMd
0000000000033fa0 S _$s6Speech0A11TranscriberC7resultsQrvpQOy_Qo_MR
0000000000031638 D _$s6Speech0A11TranscriberC7resultsQrvpQOy_Qo_Md
00000000000315f8 D _$s6Speech0A11TranscriberCAcA0A6ModuleAAWL
000000000002fe04 T _$s6Speech0A11TranscriberCAcA0A6ModuleAAWl
0000000000033f40 S _$s6Speech0A6Module_pMR
00000000000315f0 D _$s6Speech0A6Module_pMd
0000000000033f30 S _$s6Speech0A8AnalyzerC7OptionsVSgMR
00000000000315b8 D _$s6Speech0A8AnalyzerC7OptionsVSgMd
000000000002d98c T _$s6Speech0A8AnalyzerCSgWOh
0000000000033f70 S _$s6Speech13AnalyzerInputVSgMR
0000000000031618 D _$s6Speech13AnalyzerInputVSgMd
00000000000306e0 T _$s6Speech13AnalyzerInputVSgWOh
0000000000031600 D _$s6Speech14AssetInventoryC6StatusOAESQAAWL
000000000002fe70 T _$s6Speech14AssetInventoryC6StatusOAESQAAWl
0000000000033f80 S _$s6Speech28CaptureInputSequenceProviderC14analyzerInputsQrvpQOy_Qo_13AsyncIteratorSciQxMR
0000000000031628 D _$s6Speech28CaptureInputSequenceProviderC14analyzerInputsQrvpQOy_Qo_13AsyncIteratorSciQxMd
0000000000033f78 S _$s6Speech28CaptureInputSequenceProviderC14analyzerInputsQrvpQOy_Qo_MR
0000000000031620 D _$s6Speech28CaptureInputSequenceProviderC14analyzerInputsQrvpQOy_Qo_Md
000000000002d9e4 T _$s6Speech28CaptureInputSequenceProviderCSgWOh
0000000000031690 D _$s8Dispatch0A13WorkItemFlagsVACs10SetAlgebraAAWL
0000000000030f54 T _$s8Dispatch0A13WorkItemFlagsVACs10SetAlgebraAAWl
000000000002e4d8 T _$s8QLSpeech11SpeechEventVWOc
000000000002cf18 T _$s8QLSpeech11SpeechEventVWOh
0000000000033f58 S _$s8QLSpeech12BoundedInputCy6Speech08AnalyzerC0VGMR
0000000000031610 D _$s8QLSpeech12BoundedInputCy6Speech08AnalyzerC0VGMd
000000000002da3c T _$s8QLSpeech12BoundedInputCy6Speech08AnalyzerC0VGSgWOh
0000000000028d74 T _$s8QLSpeech12qlSpeechStopyySPys4Int8VGSgF
0000000000031180 D _$s8QLSpeech13SpeechFailureVACs5ErrorAAWL
000000000002e244 T _$s8QLSpeech13SpeechFailureVACs5ErrorAAWl
0000000000001424 T _$s8QLSpeech13SpeechSessionC10microphone33_6EA4BD02B9506F055BE63AE1203EAE59LL0B028CaptureInputSequenceProviderCSgvM
000000000000135c T _$s8QLSpeech13SpeechSessionC10microphone33_6EA4BD02B9506F055BE63AE1203EAE59LL0B028CaptureInputSequenceProviderCSgvg
0000000000001354 T _$s8QLSpeech13SpeechSessionC10microphone33_6EA4BD02B9506F055BE63AE1203EAE59LL0B028CaptureInputSequenceProviderCSgvpfi
00000000000013b8 T _$s8QLSpeech13SpeechSessionC10microphone33_6EA4BD02B9506F055BE63AE1203EAE59LL0B028CaptureInputSequenceProviderCSgvs
0000000000002200 T _$s8QLSpeech13SpeechSessionC11diagnostics33_6EA4BD02B9506F055BE63AE1203EAE59LLScTyyts5NeverOGSgvM
0000000000002138 T _$s8QLSpeech13SpeechSessionC11diagnostics33_6EA4BD02B9506F055BE63AE1203EAE59LLScTyyts5NeverOGSgvg
0000000000002130 T _$s8QLSpeech13SpeechSessionC11diagnostics33_6EA4BD02B9506F055BE63AE1203EAE59LLScTyyts5NeverOGSgvpfi
0000000000002194 T _$s8QLSpeech13SpeechSessionC11diagnostics33_6EA4BD02B9506F055BE63AE1203EAE59LLScTyyts5NeverOGSgvs
0000000000002378 T _$s8QLSpeech13SpeechSessionC11fastResults33_6EA4BD02B9506F055BE63AE1203EAE59LLSbvpfi
0000000000001c28 T _$s8QLSpeech13SpeechSessionC13drainTimedOut33_6EA4BD02B9506F055BE63AE1203EAE59LLSbvM
0000000000001b74 T _$s8QLSpeech13SpeechSessionC13drainTimedOut33_6EA4BD02B9506F055BE63AE1203EAE59LLSbvg
0000000000001b68 T _$s8QLSpeech13SpeechSessionC13drainTimedOut33_6EA4BD02B9506F055BE63AE1203EAE59LLSbvpfi
0000000000001bd0 T _$s8QLSpeech13SpeechSessionC13drainTimedOut33_6EA4BD02B9506F055BE63AE1203EAE59LLSbvs
00000000000012f8 T _$s8QLSpeech13SpeechSessionC13microphoneTap33_6EA4BD02B9506F055BE63AE1203EAE59LLAA019MicrophoneRecordingE0CSgvM
0000000000001210 T _$s8QLSpeech13SpeechSessionC13microphoneTap33_6EA4BD02B9506F055BE63AE1203EAE59LLAA019MicrophoneRecordingE0CSgvg
0000000000001208 T _$s8QLSpeech13SpeechSessionC13microphoneTap33_6EA4BD02B9506F055BE63AE1203EAE59LLAA019MicrophoneRecordingE0CSgvpfi
0000000000001274 T _$s8QLSpeech13SpeechSessionC13microphoneTap33_6EA4BD02B9506F055BE63AE1203EAE59LLAA019MicrophoneRecordingE0CSgvs
000000000000207c T _$s8QLSpeech13SpeechSessionC14reservedLocale33_6EA4BD02B9506F055BE63AE1203EAE59LL10Foundation0E0VSgvM
0000000000001cc4 T _$s8QLSpeech13SpeechSessionC14reservedLocale33_6EA4BD02B9506F055BE63AE1203EAE59LL10Foundation0E0VSgvg
0000000000001c84 T _$s8QLSpeech13SpeechSessionC14reservedLocale33_6EA4BD02B9506F055BE63AE1203EAE59LL10Foundation0E0VSgvpfi
0000000000001e58 T _$s8QLSpeech13SpeechSessionC14reservedLocale33_6EA4BD02B9506F055BE63AE1203EAE59LL10Foundation0E0VSgvs
000000000000169c T _$s8QLSpeech13SpeechSessionC15microphoneInput33_6EA4BD02B9506F055BE63AE1203EAE59LLAA07BoundedE0Cy0B008AnalyzerE0VGSgvM
00000000000015d4 T _$s8QLSpeech13SpeechSessionC15microphoneInput33_6EA4BD02B9506F055BE63AE1203EAE59LLAA07BoundedE0Cy0B008AnalyzerE0VGSgvg
00000000000015cc T _$s8QLSpeech13SpeechSessionC15microphoneInput33_6EA4BD02B9506F055BE63AE1203EAE59LLAA07BoundedE0Cy0B008AnalyzerE0VGSgvpfi
0000000000001630 T _$s8QLSpeech13SpeechSessionC15microphoneInput33_6EA4BD02B9506F055BE63AE1203EAE59LLAA07BoundedE0Cy0B008AnalyzerE0VGSgvs
0000000000001b0c T _$s8QLSpeech13SpeechSessionC15suppressResults33_6EA4BD02B9506F055BE63AE1203EAE59LLSbvM
0000000000001a58 T _$s8QLSpeech13SpeechSessionC15suppressResults33_6EA4BD02B9506F055BE63AE1203EAE59LLSbvg
0000000000001a4c T _$s8QLSpeech13SpeechSessionC15suppressResults33_6EA4BD02B9506F055BE63AE1203EAE59LLSbvpfi
0000000000001ab4 T _$s8QLSpeech13SpeechSessionC15suppressResults33_6EA4BD02B9506F055BE63AE1203EAE59LLSbvs
0000000000000b1c T _$s8QLSpeech13SpeechSessionC15unownedExecutorScevg
000000000003490c S _$s8QLSpeech13SpeechSessionC15unownedExecutorScevgTq
0000000000002654 T _$s8QLSpeech13SpeechSessionC16startDiagnostics33_6EA4BD02B9506F055BE63AE1203EAE59LL6sourceyAA0B6SourceO_tF
0000000000006d18 T _$s8QLSpeech13SpeechSessionC17assertWorkerQueue33_6EA4BD02B9506F055BE63AE1203EAE59LLyyF
00000000000116ec T _$s8QLSpeech13SpeechSessionC17failDuringCapture33_6EA4BD02B9506F055BE63AE1203EAE59LLyys5Error_pYaF
0000000000033d28 S _$s8QLSpeech13SpeechSessionC17failDuringCapture33_6EA4BD02B9506F055BE63AE1203EAE59LLyys5Error_pYaFTu
000000000000231c T _$s8QLSpeech13SpeechSessionC21measuredFirstCallback33_6EA4BD02B9506F055BE63AE1203EAE59LLSbvM
0000000000002268 T _$s8QLSpeech13SpeechSessionC21measuredFirstCallback33_6EA4BD02B9506F055BE63AE1203EAE59LLSbvg
000000000000225c T _$s8QLSpeech13SpeechSessionC21measuredFirstCallback33_6EA4BD02B9506F055BE63AE1203EAE59LLSbvpfi
00000000000022c4 T _$s8QLSpeech13SpeechSessionC21measuredFirstCallback33_6EA4BD02B9506F055BE63AE1203EAE59LLSbvs
000000000000557c T _$s8QLSpeech13SpeechSessionC2id8callback13recordingPath10onFinishedACSS_ySPys4Int8VGSgYbXCSSSgyyYbScMYcctcfC
0000000000034aa4 S _$s8QLSpeech13SpeechSessionC2id8callback13recordingPath10onFinishedACSS_ySPys4Int8VGSgYbXCSSSgyyYbScMYcctcfCTq
00000000000055f4 T _$s8QLSpeech13SpeechSessionC2id8callback13recordingPath10onFinishedACSS_ySPys4Int8VGSgYbXCSSSgyyYbScMYcctcfc
0000000000000bfc T _$s8QLSpeech13SpeechSessionC2idSSvg
0000000000033e60 S _$s8QLSpeech13SpeechSessionC2idSSvpWvd
0000000000011c0c T _$s8QLSpeech13SpeechSessionC3end33_6EA4BD02B9506F055BE63AE1203EAE59LL5error6cancelys5Error_p_SbtYaF
0000000000033d30 S _$s8QLSpeech13SpeechSessionC3end33_6EA4BD02B9506F055BE63AE1203EAE59LL5error6cancelys5Error_p_SbtYaFTu
00000000000256e0 T _$s8QLSpeech13SpeechSessionC4emit33_6EA4BD02B9506F055BE63AE1203EAE59LL5state7messageySS_SSSgtF
0000000000001080 T _$s8QLSpeech13SpeechSessionC4pump33_6EA4BD02B9506F055BE63AE1203EAE59LLScTyyts5NeverOGSgvM
0000000000000fb8 T _$s8QLSpeech13SpeechSessionC4pump33_6EA4BD02B9506F055BE63AE1203EAE59LLScTyyts5NeverOGSgvg
0000000000000fb0 T _$s8QLSpeech13SpeechSessionC4pump33_6EA4BD02B9506F055BE63AE1203EAE59LLScTyyts5NeverOGSgvpfi
0000000000001014 T _$s8QLSpeech13SpeechSessionC4pump33_6EA4BD02B9506F055BE63AE1203EAE59LLScTyyts5NeverOGSgvs
0000000000026034 T _$s8QLSpeech13SpeechSessionC4send33_6EA4BD02B9506F055BE63AE1203EAE59LLyyAA0B5EventVF
00000000000111e0 T _$s8QLSpeech13SpeechSessionC4stop6cancelySb_tYaF
0000000000034abc S _$s8QLSpeech13SpeechSessionC4stop6cancelySb_tYaFTq
0000000000033d18 S _$s8QLSpeech13SpeechSessionC4stop6cancelySb_tYaFTu
0000000000006ec8 T _$s8QLSpeech13SpeechSessionC5begin6sourceySS_tF
0000000000034ab4 S _$s8QLSpeech13SpeechSessionC5begin6sourceySS_tFTq
0000000000000e28 T _$s8QLSpeech13SpeechSessionC5setup33_6EA4BD02B9506F055BE63AE1203EAE59LLScTyyts5NeverOGSgvM
0000000000000d60 T _$s8QLSpeech13SpeechSessionC5setup33_6EA4BD02B9506F055BE63AE1203EAE59LLScTyyts5NeverOGSgvg
0000000000000d58 T _$s8QLSpeech13SpeechSessionC5setup33_6EA4BD02B9506F055BE63AE1203EAE59LLScTyyts5NeverOGSgvpfi
0000000000000dbc T _$s8QLSpeech13SpeechSessionC5setup33_6EA4BD02B9506F055BE63AE1203EAE59LLScTyyts5NeverOGSgvs
0000000000011e58 T _$s8QLSpeech13SpeechSessionC6finish33_6EA4BD02B9506F055BE63AE1203EAE59LL5error6cancelys5Error_pSg_SbtYaF
0000000000033d20 S _$s8QLSpeech13SpeechSessionC6finish33_6EA4BD02B9506F055BE63AE1203EAE59LL5error6cancelys5Error_pSg_SbtYaFTu
0000000000000c94 T _$s8QLSpeech13SpeechSessionC6logger33_6EA4BD02B9506F055BE63AE1203EAE59LL2os6LoggerVvpfi
0000000000001570 T _$s8QLSpeech13SpeechSessionC6system33_6EA4BD02B9506F055BE63AE1203EAE59LLAA16SystemAudioInputCSgvM
0000000000001488 T _$s8QLSpeech13SpeechSessionC6system33_6EA4BD02B9506F055BE63AE1203EAE59LLAA16SystemAudioInputCSgvg
0000000000001480 T _$s8QLSpeech13SpeechSessionC6system33_6EA4BD02B9506F055BE63AE1203EAE59LLAA16SystemAudioInputCSgvpfi
00000000000014ec T _$s8QLSpeech13SpeechSessionC6system33_6EA4BD02B9506F055BE63AE1203EAE59LLAA16SystemAudioInputCSgvs
00000000000020d8 T _$s8QLSpeech13SpeechSessionC6timing33_6EA4BD02B9506F055BE63AE1203EAE59LLAA0B6TimingCvpfi
0000000000000f54 T _$s8QLSpeech13SpeechSessionC7results33_6EA4BD02B9506F055BE63AE1203EAE59LLScTyyts5Error_pGSgvM
0000000000000e8c T _$s8QLSpeech13SpeechSessionC7results33_6EA4BD02B9506F055BE63AE1203EAE59LLScTyyts5Error_pGSgvg
0000000000000e84 T _$s8QLSpeech13SpeechSessionC7results33_6EA4BD02B9506F055BE63AE1203EAE59LLScTyyts5Error_pGSgvpfi
0000000000000ee8 T _$s8QLSpeech13SpeechSessionC7results33_6EA4BD02B9506F055BE63AE1203EAE59LLScTyyts5Error_pGSgvs
00000000000011ac T _$s8QLSpeech13SpeechSessionC8analyzer33_6EA4BD02B9506F055BE63AE1203EAE59LL0B00B8AnalyzerCSgvM
00000000000010e4 T _$s8QLSpeech13SpeechSessionC8analyzer33_6EA4BD02B9506F055BE63AE1203EAE59LL0B00B8AnalyzerCSgvg
00000000000010dc T _$s8QLSpeech13SpeechSessionC8analyzer33_6EA4BD02B9506F055BE63AE1203EAE59LL0B00B8AnalyzerCSgvpfi
0000000000001140 T _$s8QLSpeech13SpeechSessionC8analyzer33_6EA4BD02B9506F055BE63AE1203EAE59LL0B00B8AnalyzerCSgvs
0000000000000acc T _$s8QLSpeech13SpeechSessionC8executor33_6EA4BD02B9506F055BE63AE1203EAE59LLAA0B8ExecutorCvpfi
00000000000018d4 T _$s8QLSpeech13SpeechSessionC8terminal33_6EA4BD02B9506F055BE63AE1203EAE59LLSbvM
0000000000001820 T _$s8QLSpeech13SpeechSessionC8terminal33_6EA4BD02B9506F055BE63AE1203EAE59LLSbvg
0000000000001814 T _$s8QLSpeech13SpeechSessionC8terminal33_6EA4BD02B9506F055BE63AE1203EAE59LLSbvpfi
000000000000187c T _$s8QLSpeech13SpeechSessionC8terminal33_6EA4BD02B9506F055BE63AE1203EAE59LLSbvs
00000000000019f0 T _$s8QLSpeech13SpeechSessionC9capturing33_6EA4BD02B9506F055BE63AE1203EAE59LLSbvM
000000000000193c T _$s8QLSpeech13SpeechSessionC9capturing33_6EA4BD02B9506F055BE63AE1203EAE59LLSbvg
0000000000001930 T _$s8QLSpeech13SpeechSessionC9capturing33_6EA4BD02B9506F055BE63AE1203EAE59LLSbvpfi
0000000000001998 T _$s8QLSpeech13SpeechSessionC9capturing33_6EA4BD02B9506F055BE63AE1203EAE59LLSbvs
00000000000017b8 T _$s8QLSpeech13SpeechSessionC9finishing33_6EA4BD02B9506F055BE63AE1203EAE59LLSbvM
0000000000001704 T _$s8QLSpeech13SpeechSessionC9finishing33_6EA4BD02B9506F055BE63AE1203EAE59LLSbvg
00000000000016f8 T _$s8QLSpeech13SpeechSessionC9finishing33_6EA4BD02B9506F055BE63AE1203EAE59LLSbvpfi
0000000000001760 T _$s8QLSpeech13SpeechSessionC9finishing33_6EA4BD02B9506F055BE63AE1203EAE59LLSbvs
00000000000039f0 T _$s8QLSpeech13SpeechSessionC9logTiming33_6EA4BD02B9506F055BE63AE1203EAE59LLyyF
0000000000031150 D _$s8QLSpeech13SpeechSessionCACScAAAWL
000000000002cd1c T _$s8QLSpeech13SpeechSessionCACScAAAWl
000000000002cd88 T _$s8QLSpeech13SpeechSessionCMa
0000000000031238 D _$s8QLSpeech13SpeechSessionCMm
00000000000348cc S _$s8QLSpeech13SpeechSessionCMn
0000000000031280 D _$s8QLSpeech13SpeechSessionCN
0000000000033e10 S _$s8QLSpeech13SpeechSessionCScAAAMc
000000000002eb58 T _$s8QLSpeech13SpeechSessionCSgWOh
0000000000026f28 T _$s8QLSpeech13SpeechSessionCfD
0000000000026dd8 T _$s8QLSpeech13SpeechSessionCfd
000000000002803c T _$s8QLSpeech13qlSpeechStartyySPys4Int8VGSg_AFyAFYbXCSgtF
000000000000029c T _$s8QLSpeech14SpeechExecutorC5queueSo012OS_dispatch_D0Cvg
0000000000033e38 S _$s8QLSpeech14SpeechExecutorC5queueSo012OS_dispatch_D0CvpWvd
0000000000000000 T _$s8QLSpeech14SpeechExecutorC5queueSo012OS_dispatch_D0Cvpfi
00000000000002cc T _$s8QLSpeech14SpeechExecutorC7enqueueyys0C3JobVnF
0000000000031120 D _$s8QLSpeech14SpeechExecutorCACScFAAWL
0000000000000948 T _$s8QLSpeech14SpeechExecutorCACScFAAWl
0000000000031128 D _$s8QLSpeech14SpeechExecutorCACScfAAWL
0000000000000b90 T _$s8QLSpeech14SpeechExecutorCACScfAAWl
000000000000076c T _$s8QLSpeech14SpeechExecutorCACycfC
00000000000348c4 S _$s8QLSpeech14SpeechExecutorCACycfCTq
00000000000007a4 T _$s8QLSpeech14SpeechExecutorCACycfc
00000000000009b4 T _$s8QLSpeech14SpeechExecutorCMa
0000000000031198 D _$s8QLSpeech14SpeechExecutorCMm
0000000000034890 S _$s8QLSpeech14SpeechExecutorCMn
00000000000311d8 D _$s8QLSpeech14SpeechExecutorCN
0000000000033dd8 S _$s8QLSpeech14SpeechExecutorCScFAAMc
0000000000033d78 S _$s8QLSpeech14SpeechExecutorCScfAAMc
0000000000000730 T _$s8QLSpeech14SpeechExecutorCfD
00000000000006f4 T _$s8QLSpeech14SpeechExecutorCfd
0000000000034aec S _$s8QLSpeech14SpeechRegistry33_6EA4BD02B9506F055BE63AE1203EAE59LLOMXX
0000000000028ffc T _$s8QLSpeech14qlSpeechCancelyySPys4Int8VGSgF
000000000002da0c T _$s8QLSpeech16SystemAudioInputCSgWOh
000000000002e814 T _$s8QLSpeech17AudioFileRecorderCSgWOh
000000000002e0cc T _$s8QLSpeech17RecordingMetadataVWOh
000000000002d9b4 T _$s8QLSpeech22MicrophoneRecordingTapCSgWOh
00000000000286fc T _$s8QLSpeech22qlSpeechStartRecordingyySPys4Int8VGSg_A2FyAFYbXCSgtF
0000000000034884 S _$s8QLSpeechMXM
00000000000005a0 T _$sIegh_IeyBh_TR
0000000000031588 D _$sS2iSzsWL
000000000002f9f8 T _$sS2iSzsWl
0000000000031168 D _$sS2is17FixedWidthIntegersWL
000000000002d2b4 T _$sS2is17FixedWidthIntegersWl
0000000000033d70 S _$sSPys4Int8VGSgMR
0000000000031190 D _$sSPys4Int8VGSgMd
000000000000f99c T _$sSS10FoundationEySSAA16AttributedStringV13CharacterViewVcfC
00000000000063cc T _$sSS11withCStringyxxSPys4Int8VGq_YKXEq_YKs5ErrorR_r0_lF
0000000000033d00 S _$sSSSgMR
0000000000031170 D _$sSSSgMd
00000000000025d8 T _$sSSSgWOh
00000000000025a4 T _$sSSSg_AAtWOh
0000000000002600 T _$sSSWOc
000000000000257c T _$sSSWOh
0000000000029c94 T _$sSa12_endMutationyyF
000000000002c074 T _$sSa12_endMutationyyFs5UInt8V_Tgq5
000000000002b9c4 T _$sSa13_adoptStorage_5countSayxG_SpyxGts016_ContiguousArrayB0CyxGn_SitFZs5UInt8V_Tt1gq5
0000000000029634 T _$sSa22_allocateUninitializedySayxG_SpyxGtSiFZ8Dispatch0C13WorkItemFlagsV_Tt0gq5
0000000000029568 T _$sSa22_allocateUninitializedySayxG_SpyxGtSiFZSo17OS_dispatch_queueC8DispatchE10AttributesV_Tt0gq5
000000000002bda8 T _$sSa5countSivgs5UInt8V_Tgq5
000000000002ba34 T _$sSa6append10contentsOfyqd__n_t7ElementQyd__RszSTRd__lFs5UInt8V_SayAFGTgq5
000000000002c1cc T _$sSa9_getCountSiyFs5UInt8V_Tgq5
0000000000033f38 S _$sSay10Foundation6LocaleVGMR
00000000000315d8 D _$sSay10Foundation6LocaleVGMd
00000000000315e0 D _$sSay10Foundation6LocaleVGSayxGSTsWL
000000000002fd24 T _$sSay10Foundation6LocaleVGSayxGSTsWl
0000000000034008 S _$sSay8Dispatch0A13WorkItemFlagsVGMR
0000000000031698 D _$sSay8Dispatch0A13WorkItemFlagsVGMd
00000000000316a0 D _$sSay8Dispatch0A13WorkItemFlagsVGSayxGSTsWL
0000000000030fc0 T _$sSay8Dispatch0A13WorkItemFlagsVGSayxGSTsWl
0000000000034010 S _$sSaySo17OS_dispatch_queueC8DispatchE10AttributesVGMR
00000000000316b0 D _$sSaySo17OS_dispatch_queueC8DispatchE10AttributesVGMd
00000000000316b8 D _$sSaySo17OS_dispatch_queueC8DispatchE10AttributesVGSayxGSTsWL
00000000000310a0 T _$sSaySo17OS_dispatch_queueC8DispatchE10AttributesVGSayxGSTsWl
0000000000033f10 S _$sSayySpys5UInt8VGz_SpySo8NSObjectCSgGSgzSpyypGSgztcGMR
0000000000031598 D _$sSayySpys5UInt8VGz_SpySo8NSObjectCSgGSgzSpyypGSgztcGMd
00000000000315a0 D _$sSayySpys5UInt8VGz_SpySo8NSObjectCSgGSgzSpyypGSgztcGSayxGSTsWL
000000000002faf4 T _$sSayySpys5UInt8VGz_SpySo8NSObjectCSgGSgzSpyypGSgztcGSayxGSTsWl
0000000000010204 T _$sSbIeyBhy_SbTZ_
0000000000033f28 S _$sScCySbs5NeverOGMR
00000000000315b0 D _$sScCySbs5NeverOGMd
000000000000056c T _$sScJ16runSynchronously2onySce_tF
0000000000033cd0 S _$sScPSgMR
0000000000031138 D _$sScPSgMd
0000000000030204 T _$sScPSgWOh
0000000000025464 T _$sScT6_valuexvg
0000000000033d38 S _$sScT6_valuexvgTu
000000000000fe28 T _$sScTss5Error_pRs_rlE4name8priority9operationScTyxsAA_pGSSSg_ScPSgxyYaKYAcntcfC
000000000002a73c T _$sScTss5Error_pRs_rlE4name8priority9operationScTyxsAA_pGSSSg_ScPSgxyYaKYAcntcfcBoSRys4Int8VGXEfU_
0000000000003648 T _$sScTss5NeverORs_rlE4name8priority9operationScTyxABGSSSg_ScPSgxyYaYAcntcfC
0000000000029700 T _$sScTss5NeverORs_rlE4name8priority9operationScTyxABGSSSg_ScPSgxyYaYAcntcfcBoSRys4Int8VGXEfU_
000000000000351c T _$sScTss5NeverORszABRs_rlE5sleep3for9tolerance5clocky8DurationQyd___AHSgqd__tYaKs5ClockRd__lFZ
0000000000033f08 S _$sScTss5NeverORszABRs_rlE5sleep3for9tolerance5clocky8DurationQyd___AHSgqd__tYaKs5ClockRd__lFZTu
00000000000034fc T _$sScTss5NeverORszABRs_rlE5sleep3for9tolerance5clocky8DurationQyd___AHSgqd__tYaKs5ClockRd__lFZfA1_
000000000002d964 T _$sScTyyts5Error_pGSgWOh
000000000002d93c T _$sScTyyts5NeverOGSgWOh
000000000002da64 T _$sScTyyts5NeverOGSg_ADtWOh
000000000002dbe8 T _$sScTyyts5NeverOGWOc
000000000002dc1c T _$sScTyyts5NeverOGWOh
0000000000033f20 S _$sScsy6Speech13AnalyzerInputVs5Error_pGMR
00000000000315a8 D _$sScsy6Speech13AnalyzerInputVs5Error_pGMd
0000000000031608 D _$sScsy6Speech13AnalyzerInputVs5Error_pGScsyxq_GScisWL
0000000000030020 T _$sScsy6Speech13AnalyzerInputVs5Error_pGScsyxq_GScisWl
0000000000033cf8 S _$sSdSgMR
0000000000031160 D _$sSdSgMd
000000000002d19c T _$sSiIegd_SiIegr_TR
000000000002a8ac T _$sSlsEy11SubSequenceQzqd__cSXRd__5BoundQyd__5IndexRtzluig10Foundation16AttributedStringV13CharacterViewV_s16PartialRangeFromVyAiEVGTgq5
0000000000033fd8 S _$sSny10Foundation16AttributedStringV5IndexVGMR
0000000000031670 D _$sSny10Foundation16AttributedStringV5IndexVGMd
0000000000030ac0 T _$sSny10Foundation16AttributedStringV5IndexVGWOh
00000000000316a8 D _$sSo17OS_dispatch_queueC8DispatchE10AttributesVAEs10SetAlgebraACWL
0000000000031034 T _$sSo17OS_dispatch_queueC8DispatchE10AttributesVAEs10SetAlgebraACWl
0000000000000644 T _$sSo17OS_dispatch_queueC8DispatchE5async5group3qos5flags7executeySo0a1_b1_F0CSg_AC0D3QoSVAC0D13WorkItemFlagsVyyXBtFfA0_
0000000000000658 T _$sSo17OS_dispatch_queueC8DispatchE5async5group3qos5flags7executeySo0a1_b1_F0CSg_AC0D3QoSVAC0D13WorkItemFlagsVyyXBtFfA1_
00000000000001b4 T _$sSo17OS_dispatch_queueC8DispatchE5label3qos10attributes20autoreleaseFrequency6targetABSS_AC0D3QoSVAbCE10AttributesVAbCE011AutoreleaseI0OABSgtcfcfA1_
0000000000000250 T _$sSo17OS_dispatch_queueC8DispatchE5label3qos10attributes20autoreleaseFrequency6targetABSS_AC0D3QoSVAbCE10AttributesVAbCE011AutoreleaseI0OABSgtcfcfA2_
0000000000031118 D _$sSo17OS_dispatch_queueCML
0000000000000154 T _$sSo17OS_dispatch_queueCMa
0000000000033cf0 S _$sSo8NSObjectCSgMR
0000000000031158 D _$sSo8NSObjectCSgMd
000000000002c1d4 T _$sSp10initialize4from5countySPyxG_SitFs5UInt8V_Tgq5
000000000002c4c0 T _$sSp14moveInitialize4from5countySpyxG_SitFs5UInt8V_Tgq5
0000000000005270 T _$sSq3mapyqd_0_Sgqd_0_xqd__YKXEqd__YKs5ErrorRd__Ri_d_0_r0_lF
000000000002b1a8 T _$sSv16initializeMemory2as4from5countSpyxGxm_SPyxGSitlFs5UInt8V_Ttgq5
0000000000029de4 T _$ss11_StringGutsV11withCStringyxxSPys4Int8VGq_YKXEq_YKs5ErrorR_r0_lFxSRyAEGq_YKXEfU_
0000000000029ed4 T _$ss11_StringGutsV13withFastCCharyxxSRys4Int8VGq_YKXEq_YKs5ErrorR_r0_lFxSRys5UInt8VGq_YKXEfU_
000000000002acc4 T _$ss11_StringGutsV16_deconstructUTF87scratchyXlSg5owner_xSi6lengthSb11usesScratchSb15allocatedMemorytSwSg_ts8_PointerRzlFSV_Tgq5
0000000000029ca0 T _$ss11_StringGutsV16_slowWithCStringyxxSPys4Int8VGq_YKXEq_YKs5ErrorR_r0_lF
000000000002a428 T _$ss11_StringGutsV16_slowWithCStringyxxSPys4Int8VGq_YKXEq_YKs5ErrorR_r0_lFxSRyAEGq_YKXEfU_
000000000002b0f0 T _$ss11_StringGutsV23_allocateForDeconstructyXl5owner_SVSi6lengthtyF
000000000002befc T _$ss11_StringGutsV27_slowEnsureMatchingEncodingySS5IndexVAEF
000000000002c328 T _$ss12_ArrayBufferV13_copyContents8subRange12initializingSpyxGSnySiG_AFtFs5UInt8V_Tgq5
000000000002c080 T _$ss12_ArrayBufferV20_consumeAndCreateNew14bufferIsUnique15minimumCapacity13growForAppendAByxGSb_SiSbtFs5UInt8V_Tgq5
000000000002a1ac T _$ss12_SmallStringV8withUTF8yxxSRys5UInt8VGq_YKXEq_YKs5ErrorR_r0_lFxSWq_YKXEfU_
000000000002a518 T _$ss15ContiguousArrayV23withUnsafeBufferPointeryqd__qd__SRyxGqd_0_YKXEqd_0_YKs5ErrorRd_0_r0_lF
000000000002c048 T _$ss15ContiguousArrayVAByxGycfCs5UInt8V_Ttgq5
0000000000031590 D _$ss15ContinuousClockVABs0B0sWL
000000000002fa5c T _$ss15ContinuousClockVABs0B0sWl
0000000000033fc8 S _$ss16PartialRangeFromVy10Foundation16AttributedStringV5IndexVGMR
0000000000031650 D _$ss16PartialRangeFromVy10Foundation16AttributedStringV5IndexVGMd
0000000000030a18 T _$ss16PartialRangeFromVy10Foundation16AttributedStringV5IndexVGWOh
000000000002a5d8 T _$ss22_ContiguousArrayBufferV010withUnsafeC7Pointeryqd__qd__SRyxGqd_0_YKXEqd_0_YKs5ErrorRd_0_r0_lF
000000000002a724 T _$ss22_ContiguousArrayBufferV010withUnsafeC7Pointeryqd__qd__SRyxGqd_0_YKXEqd_0_YKs5ErrorRd_0_r0_lF6$deferL_yysAERd_0_r_0_lF
000000000002bdbc T _$ss22_ContiguousArrayBufferV19_uninitializedCount15minimumCapacityAByxGSi_SitcfCs5UInt8V_Tt1gq5
0000000000034000 S _$ss23_ContiguousArrayStorageCys5UInt8VGMR
0000000000031688 D _$ss23_ContiguousArrayStorageCys5UInt8VGMd
0000000000010190 T _$ss26_createCheckedContinuationyScCyxs5NeverOGSccyxACGnlF
0000000000010244 T _$ss26_resumeCheckedContinuationyyScCyxs5NeverOG_xntlF
0000000000005230 T _$ss27_finalizeUninitializedArrayySayxGABnlF
000000000002ba04 T _$ss27_finalizeUninitializedArrayySayxGABnlFs5UInt8V_Tgq5
000000000002c924 T _$ss27_withUnprotectedUnsafeBytes2of_q0_x_q0_SWq_YKXEtq_YKs5ErrorR_Ri_zRi_0_r1_lF
000000000002a2a8 T _$ss27_withUnprotectedUnsafeBytes2of_q0_xz_q0_SWq_YKXEtq_YKs5ErrorR_Ri_zRi0_zRi_0_r1_lF
000000000002b328 T _$ss32_copyCollectionToContiguousArrayys0dE0Vy7ElementQzGxSlRzlFSS8UTF8ViewV_Tgq5
000000000002998c T _$ss5ClockPsE5sleep3for9tolerancey8DurationQz_AGSgtYaKF
0000000000033f18 S _$ss5ClockPsE5sleep3for9tolerancey8DurationQz_AGSgtYaKFTu
0000000000033d40 S _$ss5Error_pMR
0000000000031178 D _$ss5Error_pMd
000000000002de78 T _$ss5Error_pSgWOh
0000000000031140 D _$ss5Int32VABs17FixedWidthIntegersWL
000000000002ccb8 T _$ss5Int32VABs17FixedWidthIntegersWl
000000000002cba0 T _$ss5Int32VIegd_ABIegr_TR
0000000000033fc0 S _$ss5SliceVy10Foundation16AttributedStringV13CharacterViewVGMR
0000000000031648 D _$ss5SliceVy10Foundation16AttributedStringV13CharacterViewVGMd
0000000000033f00 S _$ss6UInt64V_ABtMR
0000000000031580 D _$ss6UInt64V_ABtMd
0000000000033fe0 S _$ss7CVarArg_pMR
0000000000031680 D _$ss7CVarArg_pMd
00000000000298b0 T _$sxIeAgHr_xs5Error_pIegHrzo_s8SendableRzs5NeverORs_r0_lTR
0000000000033fe8 S _$sxIeAgHr_xs5Error_pIegHrzo_s8SendableRzs5NeverORs_r0_lTRTu
0000000000033cd8 S _$sySpys5UInt8VGz_SpySo8NSObjectCSgGSgzSpyypGSgztcMR
0000000000031148 D _$sySpys5UInt8VGz_SpySo8NSObjectCSgGSgzSpyypGSgztcMd
0000000000030094 T _$sypSgWOh
0000000000030554 T _$sypWOb
00000000000301a8 T _$sypWOc
000000000003012c T ___swift_allocate_boxed_opaque_existential_0
000000000002e83c T ___swift_allocate_value_buffer
00000000000300cc T ___swift_destroy_boxed_opaque_existential_0
000000000002fb68 T ___swift_instantiateConcreteTypeFromMangledNameAbstractV2
0000000000001dd8 T ___swift_instantiateConcreteTypeFromMangledNameV2
0000000000030748 T ___swift_project_boxed_opaque_existential_0
000000000002e8a4 T ___swift_project_value_buffer
0000000000034018 S ___swift_reflection_version
00000000000338b0 S __swift_FORCE_LOAD_$_swiftAVFoundation_$_QLSpeech
00000000000338c8 S __swift_FORCE_LOAD_$_swiftCoreAudio_$_QLSpeech
00000000000338a0 S __swift_FORCE_LOAD_$_swiftCoreFoundation_$_QLSpeech
00000000000338d0 S __swift_FORCE_LOAD_$_swiftCoreImage_$_QLSpeech
00000000000338e0 S __swift_FORCE_LOAD_$_swiftCoreMIDI_$_QLSpeech
0000000000033890 S __swift_FORCE_LOAD_$_swiftDispatch_$_QLSpeech
0000000000033898 S __swift_FORCE_LOAD_$_swiftFoundation_$_QLSpeech
00000000000338a8 S __swift_FORCE_LOAD_$_swiftIOKit_$_QLSpeech
00000000000338c0 S __swift_FORCE_LOAD_$_swiftMetal_$_QLSpeech
0000000000033868 S __swift_FORCE_LOAD_$_swiftOSLog_$_QLSpeech
0000000000033878 S __swift_FORCE_LOAD_$_swiftObjectiveC_$_QLSpeech
00000000000338e8 S __swift_FORCE_LOAD_$_swiftQuartzCore_$_QLSpeech
00000000000338f0 S __swift_FORCE_LOAD_$_swiftSpatial_$_QLSpeech
00000000000338d8 S __swift_FORCE_LOAD_$_swiftUniformTypeIdentifiers_$_QLSpeech
0000000000033888 S __swift_FORCE_LOAD_$_swiftXPC_$_QLSpeech
0000000000033880 S __swift_FORCE_LOAD_$_swift_Builtin_float_$_QLSpeech
0000000000033870 S __swift_FORCE_LOAD_$_swiftos_$_QLSpeech
00000000000338b8 S __swift_FORCE_LOAD_$_swiftsimd_$_QLSpeech
00000000000321d8 S _associated conformance 8QLSpeech14SpeechExecutorCScfAAScF
0000000000028fe8 T _ql_speech_cancel
0000000000028028 T _ql_speech_start
00000000000286e8 T _ql_speech_start_recording
0000000000028d60 T _ql_speech_stop
00000000000323d8 S _symbolic B0
0000000000032182 S _symbolic Iegh_
00000000000321cc S _symbolic SPy_____GSg s4Int8V
00000000000321aa S _symbolic SPy_____GSgIetChy_ s4Int8V
0000000000032178 S _symbolic SS
00000000000320e2 S _symbolic SSIego_
0000000000032172 S _symbolic SSSg
00000000000322f4 S _symbolic Say_____G 10Foundation6LocaleV
00000000000323ea S _symbolic Say_____G 8Dispatch0A13WorkItemFlagsV
00000000000323f4 S _symbolic Say_____G So17OS_dispatch_queueC8DispatchE10AttributesV
000000000003229a S _symbolic SayySpy_____Gz_SpySo8NSObjectCSgGSgzSpyypGSgztcG s5UInt8V
0000000000032196 S _symbolic Sb
00000000000320ea S _symbolic SbIegd_
0000000000032138 S _symbolic ScA_pSg
00000000000322de S _symbolic ScCySb_____G s5NeverO
00000000000320be S _symbolic ScJ
00000000000320d0 S _symbolic ScPSg
000000000003221e S _symbolic ScTyyt_____GSg s5NeverO
000000000003222e S _symbolic ScTyyt______pGSg s5ErrorP
00000000000322cc S _symbolic Scsy___________pG 6Speech13AnalyzerInputV s5ErrorP
000000000003219a S _symbolic Sd
0000000000032292 S _symbolic SdIegd_
0000000000032156 S _symbolic SdSg
0000000000032162 S _symbolic SiIegd_
000000000003216a S _symbolic SiIegr_
00000000000323ba S _symbolic Sny_____G 10Foundation16AttributedStringV5IndexV
00000000000321e0 S _symbolic So17OS_dispatch_queueC
0000000000032146 S _symbolic So8NSObjectCSg
00000000000321c6 S _symbolic _____ 10Foundation4UUIDV
000000000003219e S _symbolic _____ 2os6LoggerV
0000000000032306 S _symbolic _____ 6Speech0A11TranscriberC
0000000000032190 S _symbolic _____ 6Speech0A8AnalyzerC
000000000003231a S _symbolic _____ 6Speech28CaptureInputSequenceProviderC
00000000000321a4 S _symbolic _____ 8QLSpeech11SpeechEventV
00000000000320d6 S _symbolic _____ 8QLSpeech12SpeechSourceO
0000000000032270 S _symbolic _____ 8QLSpeech12SpeechTimingC
0000000000032140 S _symbolic _____ 8QLSpeech13SpeechSessionC
00000000000320c2 S _symbolic _____ 8QLSpeech14SpeechExecutorC
0000000000032276 S _symbolic _____ 8QLSpeech14SpeechRegistry33_6EA4BD02B9506F055BE63AE1203EAE59LLO
000000000003215c S _symbolic _____ 8QLSpeech17SpeechTimingStateV
000000000003217c S _symbolic _____ s15ContinuousClockV7InstantV
00000000000320dc S _symbolic _____ s5UInt8V
00000000000323a4 S _symbolic _____5lower_AA5uppert 10Foundation16AttributedStringV5IndexV
00000000000320f2 S _symbolic _____Iegd_ s5Int32V
00000000000320fe S _symbolic _____Iegr_ s5Int32V
00000000000321be S _symbolic _____Sg 10Foundation4UUIDV
00000000000320c8 S _symbolic _____Sg 10Foundation6LocaleV
0000000000032354 S _symbolic _____Sg 6Speech0A11TranscriberC6ResultV
0000000000032240 S _symbolic _____Sg 6Speech0A8AnalyzerC
00000000000322ec S _symbolic _____Sg 6Speech0A8AnalyzerC7OptionsV
0000000000032320 S _symbolic _____Sg 6Speech13AnalyzerInputV
0000000000032250 S _symbolic _____Sg 6Speech28CaptureInputSequenceProviderC
0000000000032258 S _symbolic _____Sg 8QLSpeech16SystemAudioInputC
00000000000321f8 S _symbolic _____Sg 8QLSpeech17AudioFileRecorderC
0000000000032248 S _symbolic _____Sg 8QLSpeech22MicrophoneRecordingTapC
000000000003227c S _symbolic _____Sg_ABt 10Foundation4UUIDV
0000000000032288 S _symbolic ______AAt s6UInt64V
00000000000322fe S _symbolic ______p 6Speech0A6ModuleP
0000000000032188 S _symbolic ______p s5ErrorP
00000000000323c4 S _symbolic ______p s7CVarArgP
000000000003235c S _symbolic _____y_Qo_ 6Speech0A11TranscriberC7resultsQrvpQO
0000000000032328 S _symbolic _____y_Qo_ 6Speech28CaptureInputSequenceProviderC14analyzerInputsQrvpQO
0000000000032368 S _symbolic _____y_Qo_13AsyncIteratorSciQx 6Speech0A11TranscriberC7resultsQrvpQO
0000000000032334 S _symbolic _____y_Qo_13AsyncIteratorSciQx 6Speech28CaptureInputSequenceProviderC14analyzerInputsQrvpQO
000000000003230c S _symbolic _____y_____G 8QLSpeech12BoundedInputC 6Speech08AnalyzerC0V
0000000000032396 S _symbolic _____y_____G s16PartialRangeFromV 10Foundation16AttributedStringV5IndexV
00000000000323dc S _symbolic _____y_____G s23_ContiguousArrayStorageC s5UInt8V
0000000000032388 S _symbolic _____y_____G s5SliceV 10Foundation16AttributedStringV13CharacterViewV
0000000000032260 S _symbolic _____y_____GSg 8QLSpeech12BoundedInputC 6Speech08AnalyzerC0V
00000000000323d6 S _symbolic x
00000000000323cc S _symbolic xIeAgHr_
0000000000032200 S _symbolic ySPy_____GSgYbXC s4Int8V
000000000003210a S _symbolic ySpy_____Gz_SpySo8NSObjectCSgGSgzSpyypGSgztc s5UInt8V
0000000000032212 S _symbolic yyYbScMYcc
