aupair	Our au pair helps the children learn French.	我们家的互惠生帮助孩子们学习法语。
deflate	Open the valve to deflate the tyre.	打开阀门给轮胎放气。
mackintosh	He wore a mackintosh in the rain.	他在雨中穿着防水雨衣。
magnate	The shipping magnate bought another port.	这位航运巨头又买下了一个港口。
relinguish	She refused to relinquish control.	她拒绝放弃控制权。
amphibian	A frog is an amphibian.	青蛙是一种两栖动物。
conservatory	She studies piano at the conservatory.	她在音乐学院学习钢琴。
groa	He let out a groan of pain.	他痛苦地呻吟了一声。
chiche	The ending felt like a cliché.	这个结尾让人觉得落入了俗套。
undercharge	Did the shop undercharge us for these shoes?	商店是不是少收了这双鞋的钱？
crusade	She led a crusade against corruption.	她领导了一场反腐运动。
reorient	We must reorient the antenna.	我们必须调整天线的方向。
carousel	We collected our bags from the carousel.	我们从行李传送带上取了包。
cameral	The historian studied cameral administration.	这位历史学家研究了财政管理。
familiarise	Please familiarise yourself with the controls.	请熟悉这些控制装置。
disempower	These restrictions disempower local communities.	这些限制削弱了当地社区的权力。
revegetate	Volunteers will revegetate the damaged hillside.	志愿者将恢复受损山坡的植被。
Kung Fu	He practises kung fu every morning.	他每天早上练功夫。
fertilise	We fertilise the soil before planting.	我们在种植前给土壤施肥。
deviance	The study examines social deviance.	这项研究考察社会越轨行为。
synchronise	We need to synchronise our clocks.	我们需要把钟的时间对准。
emboss	They emboss the logo on leather.	他们把标志压印在皮革上。
tick off	Tick off each item as you pack.	打包时把每个物品逐项勾掉。
stint	She completed a short stint overseas.	她结束了一段短期的海外工作。
tillable	Only part of the land is tillable.	这片土地只有一部分适宜耕种。
epitomise	These gardens epitomise quiet elegance.	这些花园充分体现了宁静的优雅。
unquote	He called it, quote, perfect, unquote.	他称其为，引用原话，完美，引用结束。
freefone	Please call our freefone number.	请拨打我们的免费电话号码。
accreditation	The college received official accreditation.	这所学院获得了官方认证。
pronounceable	Choose a short, pronounceable name.	选一个简短、容易发音的名字。
elaboration	This proposal needs further elaboration.	这项提议需要进一步阐述。
minimise	We must minimise food waste.	我们必须尽量减少食物浪费。
sluttish	The old novel describes his sluttish housekeeping.	那部旧小说描写了他邋遢的家务料理方式。
assistantship	She received a graduate assistantship.	她获得了研究生助教资助。
bookrest	Place the cookbook on the bookrest.	把食谱放在阅书架上。
compulsively	He checks his phone compulsively.	他忍不住反复查看手机。
alienation	Moving frequently increased her sense of alienation.	频繁搬家加深了她的疏离感。
arousal	The experiment measured physiological arousal.	实验测量了生理唤醒水平。
extrusion	The pipes are formed by extrusion.	这些管子通过挤压成型。
aggravation	The delay caused considerable aggravation.	这次延误使人十分恼火。
bereave	War can bereave families of their children.	战争会使家庭失去孩子。
bump into	I often bump into him here.	我经常在这里碰见他。
tangibly	The repairs tangibly improved our living conditions.	这些修缮切实改善了我们的居住条件。
a calculated crime	Investigators called it a calculated crime.	调查人员称这是一起有预谋的犯罪。
insularity	Travel challenged his insularity.	旅行冲击了他狭隘封闭的观念。
elicitation	The interview focused on the elicitation of memories.	访谈着重于唤起回忆。
laterality	The study examined laterality in hand use.	这项研究考察了用手的侧向偏好。
overgraze	Too many sheep can overgraze the pasture.	羊太多会使牧场被过度啃食。
foreland	A lighthouse stood on the foreland.	岬角上矗立着一座灯塔。
jeopardise	Rushing could jeopardise the whole project.	仓促行事可能危及整个项目。
aggressiveness	His aggressiveness made cooperation difficult.	他的好斗使合作变得困难。
biometrics	The system uses biometrics to verify identity.	该系统使用生物识别技术核验身份。
decouple	We can decouple these two processes.	我们可以将这两个过程分离。
socialise	They socialise after work.	他们下班后聚会社交。
gullibly	She gullibly accepted his unlikely story.	她轻信了他那不太可信的说法。
plagiarise	You must not plagiarise another student's work.	你不能抄袭其他学生的作业。
victimise	Managers must not victimise employees who complain.	管理者不得打击报复提出投诉的员工。
regent	The regent ruled for the young king.	摄政者替年幼的国王执政。
advocator	He became an advocator of peaceful reform.	他成为和平改革的倡导者。
groundlessly	They accused her groundlessly.	他们毫无根据地指责她。
impermanency	The poem reflects on life's impermanency.	这首诗思索人生的无常。
irrationally	He reacted irrationally to the news.	他对这个消息作出了不理性的反应。
accessary	The old record described him as an accessary.	那份旧档案将他记为从犯。
gramme	Add one gramme of salt.	加入一克盐。
reservior	The reservoir supplies water to the town.	这座水库为镇上供水。
daltonism	The textbook discusses daltonism and colour perception.	这本教科书讨论色盲与颜色感知。
sphinx	A stone sphinx guarded the entrance.	入口处有一座石雕斯芬克斯守卫。
paysage	The gallery displayed a delicate paysage.	画廊展出了一幅精致的乡村风景画。
morphemics	Morphemics examines the structure of meaningful word units.	语素学研究有意义的词语单位的结构。
covin	The old indictment alleged covin between the merchants.	那份旧起诉书指控商人之间串通欺诈。
superfuse	The researchers superfuse the tissue with saline.	研究人员用盐水灌流组织表面。
gargoyle	Rainwater poured from the gargoyle.	雨水从怪兽形滴水嘴中涌出。
jiltee	The comedy follows an angry jiltee.	这部喜剧围绕一个愤怒的失恋者展开。
mimetism	The insect's mimetism helps it escape predators.	这种昆虫的拟态帮助它躲避捕食者。
triste	The melody had a triste beauty.	这段旋律有一种忧伤的美。
trouvaille	The rare print was a delightful trouvaille.	那张珍贵的版画是个令人欣喜的意外发现。
fatidic	The oracle uttered a fatidic warning.	神谕者发出了预言性的警告。
paleocrystic	The expedition encountered paleocrystic ice.	探险队遇到了古老的多年冰。
thespian	Her thespian talent emerged at school.	她的戏剧表演才能在学校显露出来。
briefless	The briefless lawyer waited for clients.	这位无人委托的律师等待着客户。
marmoreal	The statue had a marmoreal smoothness.	这尊雕像有大理石般的光滑质感。
anurous	Adult frogs are anurous amphibians.	成年青蛙是无尾两栖动物。
photophilous	These photophilous plants thrive in sunlight.	这些喜光植物在阳光下生长茂盛。
glabrous	The leaf has a glabrous surface.	这片叶子的表面光滑无毛。
risque	The comedian avoided risque jokes.	那位喜剧演员避免讲荤笑话。
omnificent	The hymn praises an omnificent creator.	这首赞美诗赞颂一位创造万物的造物主。
mensal	The archive contains mensal financial reports.	档案中保存着每月的财务报告。
gynecoid	The diagram shows a gynecoid pelvis.	这幅图展示了女性型骨盆。
randy	The novel portrays a randy old aristocrat.	小说描绘了一个好色的老贵族。
chunky	She wore a chunky wool sweater.	她穿着一件厚实的羊毛衫。
prying	He disliked their prying questions.	他不喜欢他们窥探隐私的问题。
purblind	The purblind man held the page close.	那位视力不佳的老人把书页拿得很近。
retentive	She has a remarkably retentive memory.	她的记忆力非常好。
bushed	We were bushed after the hike.	徒步后我们累坏了。
forlorn	A forlorn dog waited by the gate.	一只孤零零的狗在门边等着。
incommunicative	He became incommunicative after the argument.	争吵后他变得沉默寡言。
infelicitous	Her infelicitous remark offended the guests.	她那句不恰当的话冒犯了客人。
unversed	I am unversed in legal procedure.	我不熟悉法律程序。
lamentable	The team suffered a lamentable defeat.	这支队伍遭遇了一场令人惋惜的失败。
ineffaceable	The journey left an ineffaceable impression.	这次旅行留下了不可磨灭的印象。
precipitant	His precipitant decision caused confusion.	他仓促的决定引起了混乱。
atrabilious	The atrabilious critic disliked every performance.	那位脾气阴郁的评论家不喜欢任何一场表演。
discalced	The discalced friar walked barefoot.	这位赤足修士光着脚行走。
seraphic	The child gave a seraphic smile.	孩子露出了天使般的微笑。
lubber	The sailor called the clumsy newcomer a lubber.	水手把笨手笨脚的新来者叫作笨蛋。
slimsy	The slimsy fabric tore easily.	这种薄弱的布料很容易撕破。
swank	They dined at a swank restaurant.	他们在一家豪华餐厅用餐。
limnetic	Limnetic organisms live in open freshwater.	淡水敞水区生物生活在开阔的淡水水域中。
tellural	The essay contrasts celestial and tellural forces.	这篇文章对比了天体力量和地球力量。
flaggy	We crossed a flaggy stretch of ground.	我们穿过一片布满扁石的地面。
acidulous	The berries have an acidulous taste.	这些浆果略带酸味。
compendious	She wrote a compendious history of printing.	她写了一部简明的印刷史。
felonious	The charges concerned felonious conduct.	这些指控涉及重罪行为。
flaring	A flaring torch lit the passage.	一支熊熊燃烧的火把照亮了通道。
dissolute	The novel follows a dissolute young heir.	小说讲述了一个放荡的年轻继承人的故事。
flagrant	This is a flagrant breach of trust.	这是对信任的公然背叛。
unstudied	Her welcome had an unstudied warmth.	她的欢迎带着自然的热情。
heterodox	His heterodox views challenged established doctrine.	他的非正统观点挑战了既定学说。
fubsy	A fubsy little dog waddled past.	一只矮胖的小狗摇摆着走过。
ireful	She gave him an ireful glance.	她愤怒地瞪了他一眼。
plumpy	The illustration shows a plumpy baby.	插图上是一个胖乎乎的婴儿。
nipping	A nipping wind stung our faces.	刺骨的风吹得我们的脸生疼。
foppish	His foppish clothes drew amused looks.	他浮华的衣着引来了觉得好笑的目光。
cussed	His cussed refusal delayed everything.	他固执的拒绝耽误了一切。
synoptic	The chapter gives a synoptic overview.	这一章提供了简明的概述。
gnomic	Her gnomic reply puzzled the audience.	她格言般简奥的回答让听众困惑。
crabbed	I could barely read his crabbed handwriting.	我几乎辨认不出他潦草的字迹。
factious	The factious committee could agree on nothing.	这个派系纷争的委员会什么也商定不了。
clement	The judge was unusually clement.	这位法官异常宽厚。
riparian	Riparian trees help stabilise riverbanks.	河岸树木有助于稳固河岸。
swart	The portrait shows his swart complexion.	肖像呈现了他黝黑的肤色。
lubricious	The coating leaves a lubricious surface.	这种涂层形成了光滑的表面。
slumberous	The slumberous music made us drowsy.	这催眠的音乐让我们昏昏欲睡。
feigned	His feigned surprise fooled nobody.	他假装的惊讶没有骗过任何人。
remittent	The case report described a remittent fever.	病例报告描述了一种弛张热。
recherche	The menu featured recherche delicacies.	菜单上有精巧罕见的佳肴。
phatic	Small talk often serves a phatic purpose.	寒暄通常起到联络感情的作用。
palmary	The critic called this his palmary achievement.	评论家称这是他最杰出的成就。
auric	The chemist prepared an auric compound.	化学家制备了一种三价金化合物。
mettlesome	The mettlesome horse leapt the fence.	那匹精神抖擞的马跃过了围栏。
bacchanal	The painting depicts a bacchanal celebration.	这幅画描绘了一场酒神式的狂欢。
teetotal	My grandfather has always been teetotal.	我的祖父一直滴酒不沾。
exceptionable	The editor removed the exceptionable passage.	编辑删掉了那段令人反感的文字。
defeasible	This is a defeasible legal interest.	这是一项可被解除的法律权益。
direful	The villagers feared direful consequences.	村民们担心会有可怕的后果。
exorable	The stern ruler proved exorable after their pleas.	在他们恳求之后，严厉的统治者终于心软了。
limber	Stretching keeps her muscles limber.	拉伸让她的肌肉保持柔韧。
quizzable	His extravagant hat made him quizzable.	他夸张的帽子使他容易成为取笑对象。
reparable	Fortunately, the damage is reparable.	幸运的是，损坏可以修复。
wizened	A wizened man opened the door.	一位干瘦的老人开了门。
grandiloquent	His grandiloquent speech lacked substance.	他那浮夸的演讲缺乏实质内容。
patulous	The tree has a patulous crown.	这棵树有向四周伸展的树冠。
lupine	The creature had a lupine appearance.	那只生物外形像狼。
offish	She seemed offish at first.	她起初显得很冷淡。
pococurante	His pococurante attitude frustrated the volunteers.	他漠不关心的态度使志愿者们沮丧。
rimose	The specimen has a rimose surface.	这个标本的表面布满裂纹。
incult	The map marks the incult land.	地图标出了未开垦的土地。
pulchritudinous	He jokingly called himself pulchritudinous.	他开玩笑地称自己貌美非凡。
restive	The restive crowd demanded an explanation.	躁动不安的人群要求给个解释。
muff	She warmed her hands in a fur muff.	她把双手放进皮手笼里取暖。
poohed	We felt pooped after moving the furniture.	搬完家具后我们累坏了。
narky	He gets narky when he is tired.	他累的时候容易发脾气。
personable	The personable host welcomed everyone.	那位讨人喜欢的主人欢迎每个人。
necessitous	The charity assists necessitous families.	这家慈善机构帮助贫困家庭。
matey	He greeted us in a matey manner.	他友好地和我们打招呼。
bullate	The plant has distinctive bullate leaves.	这种植物的叶片有独特的泡状隆起。
unadvised	It was an unadvised gamble.	那是一次欠考虑的冒险。
spanking	They set off at a spanking pace.	他们飞快地出发了。
coltish	Her coltish energy filled the room.	她小马般活泼的劲头感染了整个房间。
tippy	Be careful with that tippy chair.	小心那把容易翻倒的椅子。
pleonastic	The editor cut several pleonastic phrases.	编辑删掉了几个冗余的短语。
lissom	The lissom dancer moved effortlessly.	那位身体柔软的舞者动作轻盈自如。
somatic	The study distinguished somatic from psychological symptoms.	这项研究区分了躯体症状和心理症状。
cismontane	The survey covered the cismontane villages.	调查涵盖了山脉这一侧的村庄。
colubrine	The sculpture has a colubrine shape.	这座雕塑呈蛇形。
snaky	A snaky path climbed the hill.	一条蜿蜒的小路通向山上。
huffish	His huffish reply ended the conversation.	他气呼呼的回答结束了谈话。
rubefacient	The label describes the ointment as rubefacient.	标签说明这种软膏会使皮肤发红。
obtundent	The old manual describes an obtundent preparation.	那本旧手册描述了一种镇痛制剂。
magniloquent	His magniloquent promises impressed few listeners.	他夸张的承诺没有打动多少听众。
ultramundane	The poem imagines an ultramundane realm.	这首诗想象了一个超凡的境界。
eburnated	The specimen showed an eburnated bone surface.	标本显示骨表面有象牙样硬化。
habile	The habile craftsman repaired the tiny mechanism.	那位手巧的工匠修好了微小的机械装置。
versant	She is versant in classical literature.	她熟悉古典文学。
adynamic	The report described an adynamic patient.	报告描述了一位衰弱无力的患者。
biddable	The biddable dog followed every command.	这只听话的狗服从每一道指令。
eulogistic	The review was warmly eulogistic.	这篇评论热情洋溢地给予赞扬。
subaerial	Subaerial erosion shaped the exposed rock.	地表侵蚀塑造了裸露岩石的形态。
connate	These leaves are connate at the base.	这些叶子在基部合生。
tubbish	The cartoon shows a tubbish little king.	漫画画了一个矮胖的小国王。
protuberant	The insect has protuberant eyes.	这种昆虫的眼睛向外突出。
cloddish	His cloddish manners embarrassed his hosts.	他粗鲁的举止让主人感到尴尬。
lumpish	The puppet moved in a lumpish way.	木偶动作笨拙。
tardy	Please explain your tardy arrival.	请解释一下你为什么迟到。
kaleidoscopic	The festival offered a kaleidoscopic display of colour.	节庆呈现了万花筒般绚丽的色彩。
unbolted	She found the back door unbolted.	她发现后门没有上门闩。
lowbred	The snobbish narrator calls their manners lowbred.	势利的叙述者称他们的举止缺乏教养。
unbidden	The memory returned unbidden.	那段记忆不由自主地浮现了。
unfathomed	The ocean still holds unfathomed depths.	海洋仍有尚未探明的深处。
limitrophe	The two limitrophe provinces share a river.	这两个接壤的省份共有一条河流。
impayable	Her impayable wit delighted the guests.	她无与伦比的机智使宾客十分愉快。
nugatory	The ruling rendered their efforts nugatory.	这项裁决使他们的努力归于无效。
flippancy	His flippancy was inappropriate at the funeral.	他在葬礼上的轻浮态度很不合适。
azoic	The core contained an azoic layer.	岩芯中有一层不含生命遗迹的地层。
categorical	She gave a categorical denial.	她作出了明确的否认。
chinless	The caricature depicted a chinless official.	漫画画了一个下巴后缩的官员。
nescient	He remained nescient of their plans.	他仍对他们的计划一无所知。
improvident	His improvident spending exhausted their savings.	他缺乏远见的挥霍耗尽了他们的积蓄。
rheumy	The old dog had rheumy eyes.	那只老狗的眼睛泪汪汪的。
seclusive	The seclusive writer rarely granted interviews.	这位喜爱独处的作家很少接受采访。
gracile	The skeleton has unusually gracile limbs.	这具骨骼的四肢异常纤细。
scurvy	The sailors feared scurvy on long voyages.	水手们担心长途航行时患上坏血病。
otiose	This extra clause seems otiose.	这个额外的条款似乎多余。
coterminous	The district is coterminous with the parish.	该区与教区的边界完全一致。
orotund	His orotund voice filled the hall.	他洪亮的声音响彻大厅。
respectant	The shield depicts two lions respectant.	盾徽上画着两只回首相望的狮子。
trig	She looked trig in her new uniform.	她穿着新制服，显得整洁利落。
lilliputian	The model contains lilliputian houses.	这个模型里有微型房屋。
chesty	He answered with a chesty laugh.	他发出一阵低沉浑厚的笑声作为回应。
rackety	The rackety machine kept us awake.	那台吵闹的机器让我们睡不着。
haematic	The analysis examined haematic pigments.	这项分析检查了血液色素。
disciplinarian	The coach was a strict disciplinarian.	这位教练严格执行纪律。
reeky	We escaped the reeky kitchen.	我们逃离了烟雾弥漫的厨房。
blase	He seemed blase about his success.	他对自己的成功似乎已感到厌倦。
currish	His currish behaviour spoiled the gathering.	他恶劣的行为破坏了聚会的气氛。
tramontane	The map shows the tramontane settlements.	地图显示了山脉那边的定居点。
passible	The theologian described humans as passible beings.	这位神学家将人类描述为能够感受痛苦的存在。
querimonious	Her querimonious tone irritated the staff.	她抱怨不停的语气令员工烦躁。
fissile	The rock is soft and fissile.	这种岩石柔软且容易劈开。
miscible	These two liquids are completely miscible.	这两种液体可以完全混溶。
pettish	He gave a pettish reply.	他气呼呼地回答了一句。
jesuitical	The critic dismissed the argument as jesuitical.	评论家将这套论证斥为诡辩。
canorous	A canorous voice rose above the crowd.	一个悦耳的声音从人群中响起。
eurhythmic	The class practised eurhythmic movement.	全班练习了音乐节奏律动。
crapulent	He felt crapulent after the banquet.	宴会后他因饮食过量而感到不适。
accipitral	The drawing emphasised the bird's accipitral beak.	这幅画突出了鸟的鹰状喙。
trophic	The diagram shows different trophic levels.	图中展示了不同的营养级。
finable	The ordinance makes this offence finable.	该条例规定这种违法行为可处以罚款。
sempiternal	The poem celebrates sempiternal love.	这首诗歌颂永恒的爱。
notched	He fitted the notched pieces together.	他把带缺口的零件拼接起来。
baneful	The policy had a baneful influence.	这项政策产生了有害影响。
peart	She looked peart after her rest.	休息后她看起来精神十足。
foraminate	The shell has a foraminate surface.	这个贝壳的表面有许多小孔。
gemmate	The sketch shows a gemmate branch.	这幅素描画了一根带芽的树枝。
provident	A provident farmer saves seed for spring.	有远见的农民会为春天留种。
periphrastic	His periphrastic answer avoided the issue.	他迂回的回答避开了问题。
ambagious	The instructions were needlessly ambagious.	这些说明写得不必要地迂回晦涩。
gleeful	The children gave a gleeful shout.	孩子们高兴地喊了起来。
doltish	His doltish mistake delayed the shipment.	他愚蠢的错误耽误了发货。
pluvial	The sediments indicate a pluvial period.	这些沉积物表明曾有一个多雨时期。
outre	Her outre costume attracted attention.	她奇异的服装引起了注意。
mumpish	He sat in mumpish silence.	他闷闷不乐地坐着，一言不发。
subcelestial	The poem contrasts heaven with subcelestial life.	这首诗将天堂与尘世生活作对比。
dyslogistic	The dictionary marks this term as dyslogistic.	词典将这个词标为贬义词。
eristic	His eristic style hindered useful discussion.	他好争辩的作风妨碍了有益的讨论。
antithetic	Their proposals are antithetic in principle.	他们的提案在原则上相互对立。
pestilent	The old account describes a pestilent fever.	那份旧记述描写了一种致命的热病。
thanatoid	The character fell into a thanatoid trance.	这个角色陷入了如死亡般的恍惚状态。
moderato	The score directs us to play moderato.	乐谱要求我们用中板速度演奏。
sapient	The tale features a sapient old owl.	这个故事里有一只睿智的老猫头鹰。
prudish	She found their prudish attitude stifling.	她觉得他们拘谨保守的态度令人压抑。
upstage	The actor moved upstage during the song.	演员在唱歌时向舞台后部移动。
thrasonical	His thrasonical boasting amused the guests.	他那自吹自擂的话让客人们觉得好笑。
baffling	The disappearance remains a baffling mystery.	这次失踪仍是个令人困惑的谜。
opprobrious	The debate descended into opprobrious insults.	辩论沦为了粗鄙的谩骂。
empyreal	The poet imagined an empyreal light.	诗人想象了一道来自九天的光。
asunder	The explosion tore the ship asunder.	爆炸把船撕成了碎片。
adagio	She played the final passage adagio.	她缓慢地演奏了最后一段。
gropingly	He moved gropingly through the dark room.	他在黑暗的房间里摸索着前行。
abask	The cat lay abask in the sunshine.	猫暖洋洋地躺在阳光下。
rudiments	She taught me the rudiments of chess.	她教我国际象棋的入门知识。
gardenia	A white gardenia bloomed by the window.	窗边开着一朵白色栀子花。
gorgon	The myth describes a terrifying gorgon.	这个神话描述了一个可怕的蛇发女妖。
stoic	He remained stoic despite the setback.	尽管受挫，他仍然坚忍镇定。
gleanings	The book collects gleanings from old diaries.	这本书汇集了从旧日记中搜集的片段。
mongolism	The obsolete term mongolism is now considered offensive.	如今，过时的术语 mongolism 被认为具有冒犯性。
leviathan	A leviathan emerged from the waves.	一个庞然大物从浪涛中浮现。
saturnalia	The celebration became a noisy saturnalia.	庆祝活动变成了一场喧闹的狂欢。
papoose	The old story refers to a baby as a papoose.	那个旧故事用 papoose 一词称呼一个婴儿。
curd	She strained the curd through cloth.	她用布过滤凝乳。
fealty	The knight swore fealty to the king.	骑士宣誓效忠国王。
honorarium	The speaker received a small honorarium.	演讲者收到了一笔小额酬金。
cognomen	The historian explained the general's cognomen.	历史学家解释了那位将军的别号。
hecatomb	The ancient account describes a hecatomb.	这份古代记述描述了一场百牲祭。
snips	Use snips to cut the thin metal.	用铁剪剪这块薄金属板。
thimbleful	He poured a thimbleful of brandy.	他倒了一小口白兰地。
lint	She brushed lint from her coat.	她刷掉了外套上的绒屑。
impresario	The impresario arranged an international tour.	演出经纪人安排了一次国际巡演。
nepenthe	For him, music served as nepenthe.	对他而言，音乐是忘忧之物。
skewer	Thread the vegetables onto a skewer.	把蔬菜穿在烤签上。
prance	We watched the horses prance around the field.	我们看着马儿在场地上腾跃。
puissance	The horse won the puissance competition.	这匹马赢得了马术越障能力赛。
salaam	He greeted the visitors with a salaam.	他向来访者行额手礼致意。
coquetry	Her playful coquetry charmed him.	她俏皮的卖弄风情使他着迷。
pergola	Grapevines covered the wooden pergola.	葡萄藤爬满了木制凉棚。
divestiture	The company announced the divestiture of a subsidiary.	公司宣布剥离一家子公司。
peroration	His moving peroration drew warm applause.	他感人的结束语赢得了热烈掌声。
implosion	The tower collapsed in a controlled implosion.	塔楼在受控的内向爆破中倒塌。
jamboree	Thousands attended the international scout jamboree.	数千人参加了国际童子军大会。
corniche	We drove along the coastal corniche.	我们沿着滨海悬崖公路行驶。
burlap	The potatoes arrived in burlap sacks.	土豆装在粗麻布袋里运到了。
capitulation	The siege ended with their capitulation.	围城以他们投降告终。
malversation	The inquiry uncovered official malversation.	调查揭露了官员的贪污渎职行为。
pith	She removed the white pith from the orange.	她去掉了橙子白色的内皮。
liman	The river enters a broad liman.	这条河流入一个宽阔的河口湾。
mesa	A flat-topped mesa rose above the desert.	一座平顶台地耸立在沙漠之上。
terrapin	A terrapin basked on the log.	一只水龟在木头上晒太阳。
buzzard	A buzzard circled above the field.	一只鵟在田野上空盘旋。
scorpion	A scorpion hid beneath the stone.	一只蝎子藏在石头下面。
relict	This forest is a relict of an older ecosystem.	这片森林是古老生态系统的遗存。
fretwork	Delicate fretwork decorated the balcony.	精细的透雕装饰着阳台。
synapse	The diagram shows a connection at a synapse.	这幅图展示了突触处的连接。
diminuendo	The orchestra finished with a gentle diminuendo.	乐队以轻柔的渐弱收尾。
misprision	The historian discussed the old offence of misprision.	历史学家讨论了旧时的隐瞒重罪罪名。
spinster	The old register listed her as a spinster.	那本旧登记簿将她记为未婚女性。
tenon	The tenon fits tightly into the mortise.	榫头紧紧地嵌入榫眼。
autotype	The museum displayed an early autotype.	博物馆展出了一张早期的碳印照片。
villein	The villein owed labour to the lord.	农奴有义务为领主服劳役。
misoneist	The misoneist resisted every proposed change.	那个厌新者反对每一项变革提议。
nanism	The botanical study examined nanism in plants.	这项植物学研究考察了植物的矮化现象。
cachexia	The report recorded severe cachexia.	报告记录了严重的恶病质。
astigmatism	Her eye examination revealed astigmatism.	她的眼部检查发现了散光。
oxyopia	The old textbook uses oxyopia for unusually sharp vision.	那本旧教科书用 oxyopia 表示异常敏锐的视觉。
percussionist	The percussionist picked up the mallets.	打击乐手拿起了鼓槌。
guru	The young programmer sought advice from a software guru.	那位年轻程序员向一位软件专家请教。
exchequer	The expense placed pressure on the exchequer.	这笔支出给国库带来了压力。
heliotrope	She planted heliotrope beside the path.	她在小路旁种了天芥菜。
tuber	A potato is an underground tuber.	土豆是一种地下块茎。
tare	Subtract the tare to find the net weight.	减去皮重就得到净重。
oracle	The travellers consulted the oracle.	旅行者们向神谕者求问。
jacal	The family sheltered in a small jacal.	一家人在一间小茅屋里避难。
reflet	The glaze has a metallic reflet.	这种釉面带有金属光泽。
conge	The dismissed servant received his conge.	被解雇的仆人收到了辞退通知。
auberge	We stayed at a village auberge.	我们住在一家乡村小客栈。
lentitude	The clerk's lentitude frustrated the waiting customers.	那位职员的迟缓使等候的顾客感到沮丧。
nugae	He filled his notebook with amusing nugae.	他在笔记本中写满了有趣的琐事。
barranca	A narrow trail descended into the barranca.	一条狭窄的小径通向峡谷深处。
highbrow	The magazine has a highbrow readership.	这本杂志的读者文化修养较高。
weal	The reform aimed at the common weal.	改革旨在增进公共福祉。
carfax	Four roads meet at the carfax.	四条道路在这个路口交汇。
litterbin	Please put the wrapper in the litterbin.	请把包装纸放进垃圾箱。
threnode	The choir sang a solemn threnode.	合唱团唱了一首庄严的挽歌。
gusto	She tackled the project with gusto.	她满怀热情地着手这个项目。
hoyden	The novel introduces a fearless young hoyden.	小说引入了一个无所畏惧的顽皮女孩。
intaglio	The ring contains a carved intaglio.	戒指上镶着一颗凹雕宝石。
macula	The illustration labels the retinal macula.	插图标出了视网膜黄斑。
calotte	The cleric wore a small calotte.	那位教士戴着一顶小便帽。
lamella	The microscope revealed a thin lamella.	显微镜下可见一个薄层。
indemnification	The contract includes an indemnification clause.	合同包含一项赔偿条款。
salvo	The ships fired a ceremonial salvo.	舰船齐射礼炮。
parvenu	The snobbish guests dismissed him as a parvenu.	势利的宾客把他视为暴发户而不屑一顾。
tragedienne	The celebrated tragedienne returned to the stage.	那位著名的悲剧女演员重返舞台。
jeremiad	His speech became a jeremiad about modern life.	他的演讲变成了对现代生活的长篇哀叹。
conchology	Her interest in shells led her to conchology.	对贝壳的兴趣引导她研究贝壳学。
energumen	The satire portrays the preacher as an energumen.	这部讽刺作品把传教士描绘成一个狂热者。
tomfool	Stop behaving like a tomfool.	别再像个傻瓜一样行事。
schnorrer	The comedy's schnorrer always avoids paying.	这部喜剧里那个蹭吃蹭喝的人总是逃避付钱。
romp	The puppies enjoyed a romp outside.	小狗们在外面欢快地嬉闹。
dirk	The museum displayed a ceremonial dirk.	博物馆展出了一把仪式用短剑。
wainscot	Dark wooden wainscot lined the hallway.	走廊下部的墙面铺着深色木护墙板。
feculence	The filter removed the water's feculence.	过滤器去除了水中的污浊物。
frippery	She preferred plain clothes to fashionable frippery.	比起时髦的花哨服饰，她更喜欢朴素的衣服。
doodad	What does this little doodad do?	这个小玩意儿是干什么的？
vindication	The new evidence brought her vindication.	新证据为她洗清了冤屈。
byline	Her byline appeared above the article.	她的署名出现在文章上方。
complaisance	His complaisance made him a pleasant companion.	他的随和使他成为令人愉快的同伴。
helve	The axe needed a new helve.	这把斧头需要换一个新柄。
haft	He carved a wooden haft for the tool.	他为工具雕了一个木柄。
perfidy	Their perfidy destroyed the alliance.	他们的背信弃义破坏了联盟。
incertitude	A sense of incertitude troubled the investors.	一种不确定感困扰着投资者。
gravamen	The gravamen of the complaint was unequal treatment.	投诉的核心是不平等的待遇。
intransigence	Their intransigence stalled the negotiations.	他们不肯让步，使谈判陷入僵局。
ignoramus	He feared being mistaken for an ignoramus.	他担心被误认为是个无知的人。
dissonance	The music alternates harmony and dissonance.	这段音乐交替使用和谐音与不和谐音。
puttee	He wrapped a puttee around his lower leg.	他在小腿上缠了一条绑腿。
bilge	Water collected in the bilge.	水积聚在舱底。
blarney	Her cheerful blarney softened his refusal.	她快活的甜言蜜语软化了他拒绝的态度。
conventionality	The film challenges the conventionality of suburban life.	这部电影挑战了郊区生活的因循守旧。
quietus	The announcement put a quietus on the rumours.	这则公告平息了谣言。
nidus	The damaged area formed a nidus for infection.	受损区域形成了感染的病灶。
pernoctation	The old chronicle describes a vigil of pernoctation.	那部旧编年史记述了一次彻夜守夜。
cogitation	After much cogitation, she reached a decision.	经过反复思考，她作出了决定。
compellation	The letter uses an unusually formal compellation.	这封信使用了异常正式的称呼。
castigation	The report drew severe public castigation.	这份报告招致了公众的严厉责难。
fag	Cleaning all those windows was a fag.	擦完所有那些窗户是一项苦差事。
repletion	After the feast, he felt uncomfortable repletion.	盛宴之后，他觉得饱胀难受。
plenum	The committee held a special plenum.	委员会举行了一次特别全体会议。
revulsion	The cruelty filled her with revulsion.	这种残忍使她充满厌恶。
abecedarian	The course is suitable for an abecedarian.	这门课程适合初学者。
preem	The magazine covered the film's preem.	杂志报道了这部电影的首映。
flamdoodle	He dismissed the advertisement as flamdoodle.	他把那则广告斥为胡吹。
prier	The persistent prier kept asking personal questions.	那个纠缠不休的窥探者不断询问私人问题。
bosk	A rabbit disappeared into the bosk.	一只兔子消失在灌木丛中。
kitsch	The shop sold colourful tourist kitsch.	这家商店出售花哨俗气的旅游纪念品。
vulgarity	The editor objected to the joke's vulgarity.	编辑反对这个笑话的粗俗内容。
fustian	The workers wore sturdy fustian jackets.	工人们穿着结实的粗斜纹棉布夹克。
lullaby	She sang the baby a lullaby.	她给宝宝唱了一首摇篮曲。
poetaster	The critic dismissed him as a poetaster.	评论家把他贬为蹩脚诗人。
sledgehammer	He broke the concrete with a sledgehammer.	他用大锤砸碎了混凝土。
raff	The attic held a raff of broken furniture.	阁楼里堆着一大堆破旧家具。
chump	I felt like a chump after believing him.	相信他之后，我觉得自己像个傻瓜。
latifundium	The latifundium occupied much of the valley.	这座大庄园占据了山谷的大部分土地。
howler	The essay contains an embarrassing howler.	这篇文章里有个令人尴尬的低级错误。
galleon	A Spanish galleon appeared on the horizon.	一艘西班牙大型帆船出现在地平线上。
dolt	He regretted calling his friend a dolt.	他后悔骂朋友是个笨蛋。
succedaneum	The shortage forced them to find a succedaneum.	短缺迫使他们寻找代用品。
fascia	The shop installed a brightly painted fascia.	商店安装了一块色彩鲜艳的门面招牌。
dipsomania	The historical study examined accounts of dipsomania.	这项历史研究考察了有关嗜酒症的记述。
hardihood	Few had the hardihood to challenge him.	很少有人有胆量挑战他。
poltroon	The villain sneered that he was a poltroon.	反派讥笑他是个胆小鬼。
repercussion	The closure had an unexpected economic repercussion.	这次关闭产生了意料之外的经济影响。
imbecility	He deplored the imbecility of the decision.	他痛斥这个决定的愚蠢。
gazetteer	She checked the village name in a gazetteer.	她在地名词典中查了这个村名。
drib	Only a drib of water remained.	只剩下一点点水。
libation	They poured a libation during the ceremony.	他们在仪式上倾酒祭祀。
indigo	She dyed the cloth indigo.	她把布染成了靛蓝色。
mace	The official carried a ceremonial mace.	这位官员手持一根仪式用权杖。
locution	That unusual locution caught my attention.	那种不寻常的措辞引起了我的注意。
philogyny	The essay contrasts philogyny with misogyny.	这篇文章将对女性的喜爱与厌女态度作对比。
eremite	An eremite lived beyond the village.	村外住着一位隐士。
helmsman	The helmsman steered around the rocks.	舵手驾船绕过了礁石。
tecnology	Her historical research explored early writings on tecnology.	她的历史研究探讨了早期关于儿童学的著作。
cark	His letters reveal years of cark and care.	他的信件流露出多年的忧虑与烦恼。
aseptic	The laboratory uses aseptic techniques.	实验室采用无菌操作技术。
impedimenta	We left our bulky impedimenta at camp.	我们把笨重的行装留在营地。
clinquant	The costume glittered with cheap clinquant.	这套服装上的廉价仿金箔闪闪发亮。
libertine	The play follows an ageing libertine.	这部戏讲述了一个逐渐衰老的浪子的故事。
whoosh	The train passed with a whoosh.	火车呼啸而过。
nonconformist	The nonconformist congregation built a chapel.	这个不从国教派的教会建了一座礼拜堂。
wastrel	The family refused to support the wastrel.	家人拒绝继续供养那个败家子。
folderol	She dismissed the elaborate ceremony as folderol.	她把繁琐的仪式视为无聊的折腾。
schismatic	The council condemned the schismatic movement.	宗教会议谴责了这场分裂运动。
fief	The king granted him a small fief.	国王赐给他一小块封地。
loco	A steam loco pulled the carriages.	一台蒸汽机车牵引着车厢。
lampooner	The lampooner mocked the mayor's vanity.	讽刺作家嘲弄了市长的虚荣。
tope	The ancient tope stood above the plain.	那座古老的佛塔矗立在平原之上。
incubation	The eggs require a period of incubation.	这些蛋需要一段孵化时间。
mannequin	The dress was displayed on a mannequin.	裙子展示在一个人体模型上。
sifter	Pass the flour through a sifter.	用筛子筛一下面粉。
gynaecocracy	The novel imagines a peaceful gynaecocracy.	小说想象了一个由女性统治的和平社会。
ectype	The museum owns an ectype of the statue.	博物馆拥有这尊雕像的一件复制品。
integument	The insect's integument forms a protective covering.	昆虫的体被形成了一层保护结构。
proselyte	The new proselyte attended the service.	这位新皈依者参加了礼拜。
haversack	He carried his lunch in a haversack.	他把午餐放在帆布背包里带着。
viaduct	The train crossed a stone viaduct.	火车驶过了一座石制高架桥。
senility	The novel explores fears surrounding senility.	小说探讨了围绕年老衰退的恐惧。
jollity	The room rang with laughter and jollity.	房间里充满了笑声和欢乐。
valediction	She ended the letter with a warm valediction.	她用亲切的告别语结束了信件。
radix	Binary notation uses a radix of two.	二进制记数法使用二作为基数。
gladiator	The gladiator entered the arena.	角斗士走进了竞技场。
rescript	The emperor issued a rescript.	皇帝颁布了一道敕令。
approbation	Her work earned the committee's approbation.	她的工作获得了委员会的赞许。
corona	The eclipse revealed the sun's corona.	日食显露出了太阳的日冕。
immensity	The desert's immensity overwhelmed us.	沙漠的辽阔令我们震撼。
imputation	She rejected any imputation of dishonesty.	她拒绝接受任何不诚实的指责。
wile	He used every wile to gain entry.	他使尽各种诡计想进去。
gangway	Passengers walked carefully along the gangway.	乘客们小心地沿着登船通道走。
preciosity	The critic disliked the novel's preciosity.	评论家不喜欢这部小说刻意雕琢的风格。
fop	The comedy features a vain young fop.	这部喜剧中有一个虚荣的年轻花花公子。
fogram	The satire mocks a stubborn old fogram.	这部讽刺作品嘲弄了一个顽固的守旧老人。
lido	We spent the afternoon at the lido.	我们在露天游泳池度过了下午。
frigidity	The frigidity of her greeting surprised him.	她打招呼时的冷淡让他吃惊。
mistral	A strong mistral swept through the valley.	强劲的密史脱拉风扫过山谷。
seafaring	His family has a long seafaring tradition.	他的家族有悠久的航海传统。
doit	The collector found an old Dutch doit.	收藏者找到了一枚旧荷兰小铜币。
carnation	He wore a white carnation.	他佩戴着一朵白色康乃馨。
decumbence	The illustration shows a posture of decumbence.	插图显示了一种横卧姿势。
candidature	The party endorsed her candidature.	该党支持她参选。
talisman	He carried the stone as a talisman.	他把这块石头当作护身符随身携带。
lacework	Delicate lacework bordered the cloth.	精巧的花边镶在布的边缘。
pomposity	His pomposity made the simple announcement ridiculous.	他装腔作势的样子让这则简单的公告显得可笑。
drollery	Her gentle drollery lightened the mood.	她温和的诙谐活跃了气氛。
masquerade	Everyone wore masks at the masquerade.	化装舞会上每个人都戴着面具。
trepan	The display included an antique trepan.	展品中有一把古老的环钻。
moderator	The moderator invited questions from the audience.	主持人邀请观众提问。
fantasia	The pianist performed a lively fantasia.	钢琴家演奏了一首活泼的幻想曲。
dilapidation	The house showed years of dilapidation.	这所房子显露出多年失修的破败景象。
promiscuity	The essay examines changing attitudes towards promiscuity.	这篇文章考察了人们对性关系混杂现象的态度变化。
farrago	His account was a farrago of rumours.	他的叙述混杂了各种传闻。
scintilla	There was not a scintilla of evidence.	连一丝证据也没有。
purveyance	She supervised the purveyance of food for the camp.	她负责监督营地的食品供应。
fencer	The fencer adjusted her mask.	击剑运动员调整了面罩。
dullsville	Without our friends, the party was dullsville.	没有朋友们在，聚会无聊透了。
sizzler	Yesterday was a real sizzler.	昨天真是个大热天。
paucity	The report noted a paucity of reliable data.	报告指出可靠数据匮乏。
presto	The orchestra launched into a lively presto.	乐队开始演奏一段活泼的急板。
chine	The butcher prepared a chine of pork.	肉贩准备了一块带脊骨的猪肉。
tickler	She added the deadline to her tickler file.	她把截止日期记入了提醒事项档案。
chappy	He seemed a cheerful little chappy.	他看起来是个快活的小家伙。
factotum	The caretaker served as the school's factotum.	管理员在学校里兼做各种杂务。
cleat	Tie the rope around the cleat.	把绳子系在系缆钉上。
carapace	The turtle withdrew beneath its carapace.	乌龟缩进了背甲下面。
geyser	The geyser erupted at dawn.	间歇泉在黎明时喷发了。
griddle	She cooked pancakes on the griddle.	她在平底煎锅上做薄饼。
prix	The restaurant offers a prix fixe menu.	这家餐厅提供固定价格的套餐。
mollycoddle	Do not mollycoddle the children.	不要过分娇惯孩子。
podiatry	She chose to study podiatry.	她选择学习足病学。
contiguity	The map illustrates the contiguity of the estates.	地图显示了这些庄园相互毗邻。
propinquity	Their propinquity encouraged a lasting friendship.	住得近促成了他们长久的友谊。
inoculation	The laboratory recorded the date of inoculation.	实验室记录了接种日期。
talebearer	Nobody trusted the village talebearer.	谁也不信任村里那个搬弄是非的人。
nodus	This contradiction is the nodus of the problem.	这个矛盾是问题的症结。
elitism	The admissions policy drew accusations of elitism.	招生政策招致了精英主义的指责。
incrustation	A thick incrustation covered the pipe.	一层厚厚的垢壳覆盖着管道。
scram	The test simulated an emergency scram.	测试模拟了一次紧急停堆。
purlieus	We explored the city's wooded purlieus.	我们游览了城市附近林木茂盛的地区。
lunacy	Driving that fast here is sheer lunacy.	在这里开那么快简直是疯了。
epigram	She ended with a witty epigram.	她以一句机智的警句收尾。
purgation	The ritual symbolised spiritual purgation.	这个仪式象征着精神净化。
lees	The wine was left on its lees.	酒液留在酒糟上继续陈放。
trammel	Needless rules trammel creative work.	不必要的规则束缚了创造性工作。
denizen	The fox is a familiar denizen of these woods.	狐狸是这片树林中常见的居民。
uptake	The study measured nutrient uptake by roots.	这项研究测量了根系对养分的吸收。
contumacy	The judge criticised his persistent contumacy.	法官批评了他持续拒不服从的态度。
claqueur	The paid claqueur applauded every scene.	受雇的喝彩者每场戏都鼓掌。
infallibility	She made no claim to infallibility.	她没有声称自己绝不会犯错。
corrigendum	The journal published a short corrigendum.	期刊刊登了一份简短的勘误。
gridiron	He cooked the fish on a gridiron.	他在烤架上烤鱼。
interregnum	An interim council governed during the interregnum.	权力空缺期间由临时委员会治理。
inanition	The old report described weakness from inanition.	那份旧报告描述了因缺乏营养而产生的虚弱。
maggot	A maggot wriggled in the rotten fruit.	一只蛆在腐烂的水果中蠕动。
lucubration	His lengthy lucubration filled several notebooks.	他苦心写成的长篇著作写满了几本笔记本。
liberality	Her liberality benefited many young artists.	她的慷慨使许多年轻艺术家受益。
randan	Three rowers took the randan downstream.	三名桨手划着三人艇顺流而下。
jamb	The door scraped against the jamb.	门擦到了门框侧柱。
banister	Hold the banister on the stairs.	上下楼梯时扶着栏杆。
acedia	The monk wrote about his struggle with acedia.	修士写下了自己与精神倦怠作斗争的经历。
slattern	The cruel narrator labels her a slattern.	刻薄的叙述者称她为邋遢女人。
loon	A loon called across the lake.	一只潜鸟的叫声传遍湖面。
gerontology	Her research in gerontology focuses on healthy ageing.	她的老年学研究关注健康老龄化。
dotage	He enjoyed gardening in his dotage.	他在暮年喜欢园艺。
sangfroid	She handled the crisis with remarkable sangfroid.	她以非凡的镇定应对危机。
assize	The historian examined a medieval assize.	历史学家研究了一项中世纪法令。
provender	The barn held ample provender for the horses.	谷仓里储存着充足的马饲料。
spangle	A silver spangle fell from her costume.	一片银色亮片从她的服装上掉落。
fissure	A narrow fissure split the rock.	一道狭窄的裂缝把岩石分开。
glade	We rested in a sunny glade.	我们在阳光明媚的林间空地休息。
tabernacle	The congregation gathered in the tabernacle.	会众聚集在礼拜堂里。
clapper	The bell's clapper struck the metal.	钟舌敲击着金属钟体。
trumpery	The drawers were filled with decorative trumpery.	抽屉里塞满了中看不中用的装饰品。
lien	The document records a lien on the property.	这份文件记录了该房产上的一项留置权。
volubility	His volubility left little room for questions.	他的滔滔不绝几乎不给别人提问的机会。
forwardness	Her unexpected forwardness surprised the guests.	她出人意料的冒失使客人们吃惊。
strum	He began to strum his guitar.	他开始拨弄吉他的琴弦。
scarification	The gardener used scarification to prepare the seeds.	园丁通过破皮处理为播种作准备。
tousle	The breeze will tousle your hair.	微风会吹乱你的头发。
larch	A tall larch stood near the cabin.	小屋附近有一棵高大的落叶松。
travelogue	Her travelogue describes a journey across Peru.	她的游记描述了一次穿越秘鲁的旅行。
splurge	We decided to splurge on a nice dinner.	我们决定奢侈一回，吃顿好晚餐。
expiration	Check the expiration date on the label.	检查标签上的到期日期。
lounger	She rested on a poolside lounger.	她躺在泳池边的躺椅上休息。
riveting	The documentary was absolutely riveting.	这部纪录片非常引人入胜。
mordant	The dyer added a mordant to the bath.	染工往染浴中加入了媒染剂。
methodism	The course examines the history of Methodism.	这门课程研究卫理宗的历史。
captivation	The audience's captivation was evident in their silence.	观众安静的神态显露出他们的着迷。
minuet	The ensemble played a graceful minuet.	乐团演奏了一首优雅的小步舞曲。
lineament	The drawing captures every lineament of her face.	这幅画捕捉到了她面部的每一处轮廓。
ethnography	She conducted an ethnography of the fishing community.	她对这个渔业社区进行了民族志研究。
promptness	We appreciated the promptness of her reply.	我们感谢她迅速回复。
campanology	His interest in bells led him to campanology.	对钟的兴趣使他开始研究钟学。
stencil	Use a stencil to paint the letters.	用镂空模板刷出这些字母。
eclogue	The poet composed a gentle eclogue.	诗人写了一首温柔的田园诗。
tuxedo	He rented a tuxedo for the gala.	他为晚会租了一套晚礼服。
virility	The essay questions traditional symbols of virility.	这篇文章质疑了传统的男子气概象征。
trowel	She planted the seedlings with a trowel.	她用小铲种下幼苗。
concretion	The geologist found a rounded concretion.	地质学家发现了一个圆形结核。
gadfly	The journalist became a gadfly to the administration.	这名记者成了不断督促政府的批评者。
boor	He behaved like a boor at dinner.	他在晚餐时举止粗野。
churl	Only a churl would reject such kindness.	只有粗鲁无礼的人才会拒绝这样的好意。
agronomist	The agronomist examined the damaged crops.	农艺师检查了受损的庄稼。
slaver	The museum documents the voyage of a slaver.	博物馆记录了一艘贩奴船的航程。
nisus	The essay describes a persistent nisus towards improvement.	这篇文章描述了一种不断求进的冲劲。
dastard	The hero refused to flee like a dastard.	主人公拒绝像懦夫一样逃跑。
danseuse	The danseuse rehearsed before dawn.	女芭蕾舞演员在黎明前排练。
seamstress	The seamstress repaired the torn lining.	女裁缝修好了撕破的衬里。
boudoir	The portrait hung in her boudoir.	那幅肖像挂在她的闺房里。
occidental	The exhibit compares oriental and occidental decorative styles.	展览对比了东方与西方的装饰风格。
idolater	The satire portrays him as an idolater of wealth.	讽刺作品把他描绘成一个金钱崇拜者。
iconoclast	The young iconoclast challenged accepted artistic rules.	这位年轻的革新者挑战了公认的艺术规则。
cleavage	The crystal shows a clear cleavage plane.	这颗晶体显示出清晰的解理面。
dermatology	She joined the hospital's dermatology department.	她加入了医院的皮肤科。
hermitage	A small hermitage stood among the trees.	树林中有一处小隐居所。
shammer	The coach soon recognised him as a shammer.	教练很快看出他是在装样子。
cribber	The teacher caught a cribber copying answers.	老师抓到了一个正在抄答案的作弊者。
coble	The fisherman rowed his coble ashore.	渔夫划着平底渔船靠岸。
termagant	The playwright rejected the stereotypical termagant character.	剧作家拒绝采用刻板的泼妇角色。
imminence	The dark clouds suggested the storm's imminence.	乌云表明暴风雨即将来临。
fink	The gang suspected him of being a fink.	那伙人怀疑他是告密者。
semaphore	The sailors exchanged messages by semaphore.	水手们用旗语交换信息。
incipience	The diary records the incipience of their friendship.	日记记录了他们友谊的开端。
condescension	She resented the condescension in his voice.	她反感他语气中居高临下的态度。
numismatist	The numismatist examined the ancient coin.	钱币收藏家仔细察看了那枚古币。
latency	The new connection reduced network latency.	新连接降低了网络延迟。
riffle	Trout gathered below the shallow riffle.	鳟鱼聚集在浅滩下方。
ravishment	The music filled her with ravishment.	这音乐令她心醉神迷。
overmeasure	The generous seller gave us overmeasure.	慷慨的卖家给了我们超过规定数量的货物。
forager	The forager searched the woods for berries.	采食者在树林里寻找浆果。
tonicity	The experiment compared the tonicity of two solutions.	实验比较了两种溶液的张力。
racketeer	The racketeer demanded money from local shops.	敲诈者向当地商店索要钱财。
crag	An eagle nested on the crag.	一只鹰在峭壁上筑巢。
excision	The editor recommended excision of this paragraph.	编辑建议删去这一段。
concision	Her writing is admired for its concision.	她的文笔因简洁而受到赞赏。
funk	He was in a funk before the interview.	面试前他十分恐慌。
holograph	The archive preserves the poet's holograph.	档案馆保存着诗人的亲笔稿。
rashness	His rashness put everyone at risk.	他的轻率让所有人陷入危险。
cloudburst	A sudden cloudburst flooded the street.	突如其来的暴雨淹没了街道。
cantata	The choir rehearsed a new cantata.	合唱团排练了一首新的康塔塔。
recantation	His public recantation surprised his supporters.	他公开撤回前言，使支持者们吃惊。
springe	The bird escaped from the springe.	鸟从套索陷阱中逃脱了。
panoply	The knight wore a glittering panoply.	骑士穿着一整套闪亮的盔甲。
exhortation	Her exhortation encouraged us to persevere.	她的劝勉鼓励我们坚持下去。
defection	His defection weakened the ruling party.	他的叛离削弱了执政党。
magpie	A magpie landed on the fence.	一只喜鹊落在围栏上。
archipelago	We sailed through a tropical archipelago.	我们驶过一片热带群岛。
derangement	The storm caused derangement of the transport system.	暴风雨扰乱了交通系统。
screed	He sent a long screed about office rules.	他发来一篇关于办公室规章的冗长文章。
talkathon	The meeting turned into another talkathon.	会议又变成了一场马拉松式的长谈。
branchia	The diagram labels a single branchia.	图中标出了一片鳃。
frigate	The frigate escorted the merchant ships.	护卫舰为商船护航。
barque	The old barque sailed into harbour.	那艘旧三桅帆船驶入港口。
mulberry	A mulberry tree shaded the courtyard.	一棵桑树为庭院遮阴。
hillbilly	The film challenges the hillbilly stereotype.	这部电影挑战了对山地居民的刻板印象。
abridgment	I read an abridgment of the novel.	我读了这部小说的缩写本。
fomentation	The report alleged deliberate fomentation of unrest.	报告声称有人故意煽动骚乱。
fulmination	His fulmination against waste filled the editorial.	社论充满了他对浪费的猛烈抨击。
mayhem	The escaped goats caused mayhem in the market.	逃出来的山羊在市场里闹得一团糟。
soupcon	Add a soupcon of pepper.	加一点点胡椒。
ambrosia	After the hike, the soup tasted like ambrosia.	徒步之后，这汤喝起来如同仙馔。
theocracy	The novel depicts a strict theocracy.	小说描绘了一个严苛的神权国家。
crudity	The sketch's crudity concealed its careful composition.	素描粗糙的外表掩盖了精心安排的构图。
tyro	As a tyro, she welcomed practical advice.	作为新手，她乐于接受实用的建议。
infliction	The story condemns the needless infliction of pain.	这个故事谴责无谓地施加痛苦。
alms	The charity distributed alms to the poor.	慈善机构向穷人发放救济品。
praxis	The course connects theory with praxis.	这门课程把理论与实践联系起来。
etching	She bought an etching of the old harbour.	她买了一幅描绘旧港口的蚀刻版画。
corroboration	The claim requires independent corroboration.	这个说法需要独立证据佐证。
juggernaut	The small firm became an industrial juggernaut.	这家小公司成长为工业巨头。
intoxicant	The notice prohibits any intoxicant on the premises.	通知禁止在场所内使用任何致醉物。
environs	We explored the town and its environs.	我们游览了小镇及其周边地区。
gigmanity	The essay satirises the values of gigmanity.	这篇文章讽刺了市侩阶层的价值观。
dainty	She arranged dainty cakes on the tray.	她把精致的小蛋糕摆在托盘上。
upholstery	The sofa needs new upholstery.	这张沙发需要换包覆面料和软垫。
reaper	The reaper moved slowly across the field.	收割机缓缓驶过田野。
chiromancy	The exhibition examines the history of chiromancy.	展览探讨了手相术的历史。
tutelary	The shrine honours a tutelary deity.	神龛供奉着一位守护神。
venality	The investigation exposed the official's venality.	调查揭露了那位官员的贪赃受贿。
epistle	He composed a lengthy epistle to his friend.	他给朋友写了一封长信。
canzonet	The singer performed a cheerful canzonet.	歌手唱了一首欢快的小调。
olericulture	The college offers training in olericulture.	学院提供蔬菜栽培培训。
umbrage	She took umbrage at his remark.	她对他的言论感到不快。
decrepitude	The mansion had fallen into decrepitude.	这座宅邸已变得破败不堪。
grig	After the good news, she was merry as a grig.	听到好消息后，她快活极了。
rhinestone	A rhinestone glittered on her shoe.	她鞋上的一颗人造钻石闪闪发光。
fizzle	Without funding, the project may fizzle out.	没有资金，这个项目可能会不了了之。
quadrangle	Students gathered in the college quadrangle.	学生们聚集在学院的方形庭院里。
shyster	The novel's shyster exploits desperate clients.	小说中的奸诈律师利用走投无路的客户牟利。
spall	A small spall broke from the stone.	一小块碎片从石头上崩落。
mortise	The carpenter cut a square mortise.	木匠凿了一个方形榫眼。
desideratum	Reliable access to water is the chief desideratum.	可靠的供水是最迫切的需要。
pylon	A tall pylon carried the power lines.	一座高大的电塔支撑着电线。
muscology	Her fieldwork in muscology focused on forest mosses.	她的苔藓学野外研究集中于森林苔藓。
esurience	The satire exposes his endless esurience for wealth.	这部讽刺作品揭露了他对财富无止境的贪欲。
palaver	After much palaver, we finally agreed.	经过一番冗长的商谈，我们终于达成一致。
sourpuss	Don't be a sourpuss all evening.	别一晚上都拉着脸。
azure	The boat crossed an azure bay.	船驶过一片蔚蓝的海湾。
naivety	Her naivety made the deception easier.	她的天真让欺骗更容易得逞。
surcease	He found brief surcease from worry in music.	他从音乐中得到片刻的解忧。
mort	The horn sounded the mort.	号角吹响了猎物已死的信号。
verdigris	Verdigris covered the old copper roof.	铜绿覆盖了那片旧铜屋顶。
sluggard	The fable warns the sluggard to prepare for winter.	寓言告诫懒汉为冬天作准备。
jettison	The crew had to jettison some cargo.	船员不得不抛弃部分货物。
demesne	The manor's demesne included an orchard.	庄园的自营地包括一片果园。
speciosity	The argument's speciosity concealed its logical flaws.	这个论证貌似合理的外表掩盖了逻辑缺陷。
vestment	The priest wore an embroidered vestment.	神父穿着一件绣花法衣。
dirge	The musicians played a solemn dirge.	乐手们演奏了一首庄严的哀乐。
circumlocution	Please answer directly, without circumlocution.	请直接回答，不要绕弯子。
bagatelle	She played a charming little bagatelle.	她弹了一首迷人的小曲。
contravention	The report recorded a contravention of the rules.	报告记录了一次违规行为。
mothball	A mothball rolled out of the drawer.	一颗樟脑球从抽屉里滚了出来。
mansuetude	The animal's mansuetude surprised its handlers.	这只动物的温顺让饲养员们感到意外。
lackluster	The team gave a lackluster performance.	这支队伍的表现平淡无奇。
contumely	She endured their contumely with dignity.	她有尊严地忍受了他们的侮辱。
wold	Sheep grazed on the open wold.	羊群在开阔的丘陵上吃草。
groveler	The satire mocks a shameless groveler.	这部讽刺作品嘲弄了一个无耻的逢迎者。
picayunish	His picayunish objections delayed the meeting.	他那些斤斤计较的反对意见拖延了会议。
iota	There is not an iota of truth in that story.	那个故事没有半点真实性。
inroad	The new company made an inroad into the market.	这家新公司开始打入市场。
minutia	She checked every minutia of the plan.	她检查了计划的每一个细节。
sleave	The basket held a tangle of sleave.	篮子里放着一团乱丝。
prelibation	The tasting offered a prelibation of the feast.	这次品尝让人提前领略了盛宴的滋味。
mopery	The old ordinance threatened punishment for mopery.	那项旧条例以处罚威胁闲荡者。
parquetry	Intricate parquetry covered the ballroom floor.	舞厅地面铺着精巧的镶木地板。
hydrant	Firefighters connected a hose to the hydrant.	消防员把水管接到消防栓上。
noggin	He poured a noggin of cider.	他倒了一小杯苹果酒。
filly	The young filly followed her mother.	小母马跟在母亲后面。
gosling	A gosling paddled beside the reeds.	一只小鹅在芦苇旁划水。
huckster	A huckster sold fruit by the gate.	一个小贩在门边卖水果。
maisonette	They rented a small maisonette.	他们租了一套小型复式住宅。
crotchet	The teacher pointed to a crotchet on the score.	老师指着乐谱上的一个四分音符。
conte	The anthology opens with a witty conte.	这部选集以一个机智的小故事开篇。
storiette	The magazine published a charming storiette.	杂志刊登了一篇迷人的小故事。
imp	The little imp hid my slippers.	那个小淘气藏起了我的拖鞋。
chit	Keep the chit as proof of payment.	保留这张小票作为付款凭证。
elf	An elf guarded the enchanted forest.	一个精灵守护着魔法森林。
madrigal	The singers rehearsed a Renaissance madrigal.	歌手们排练了一首文艺复兴时期的牧歌。
ringlet	A dark ringlet fell across her forehead.	一绺黑色卷发垂在她额前。
longueur	The editor cut a longueur from the middle chapter.	编辑删去了中间一章的一段冗长乏味的文字。
flasket	She filled a small flasket with oil.	她往一个细颈小瓶里装了油。
cynosure	The brilliant dancer became the cynosure of all eyes.	那位出色的舞者成为所有人瞩目的焦点。
yeanling	A yeanling stumbled beside its mother.	一只小羊踉跄地走在母亲身旁。
wherry	The boatman rowed the wherry across the river.	船夫划着小渡船过河。
gruntling	A tiny gruntling followed the sow.	一只小猪跟在母猪后面。
preceptor	Her preceptor offered patient guidance.	她的导师耐心地给予指导。
hawker	A hawker called out the price of oranges.	一个小贩大声叫卖橙子。
vamp	The cobbler replaced the shoe's worn vamp.	鞋匠换掉了鞋子磨损的鞋面。
neodoxy	The historian traced the rise of this neodoxy.	历史学家追溯了这一新学说的兴起。
cuirass	The soldier wore a polished cuirass.	士兵穿着一件擦亮的胸甲。
gander	A gander hissed at the visitor.	一只雄鹅向访客发出嘶嘶声。
monasticism	The course explores medieval monasticism.	这门课程探讨中世纪的修道制度。
hector	He would hector anyone who disagreed.	他会威吓任何与他意见不合的人。
encomiast	The royal encomiast praised the king's victories.	王室颂词作者赞扬了国王的胜利。
shindy	The argument turned into a noisy shindy.	争论变成了一场喧闹的争吵。
pother	What is all this pother about?	你们这般大惊小怪是为了什么？
scarp	The path follows a steep scarp.	小径沿着陡峭的坡崖延伸。
florilegium	She compiled a florilegium of medieval poetry.	她编了一部中世纪诗歌选集。
troglodyte	The story follows a solitary troglodyte.	故事讲述了一位孤独的穴居者。
flax	The farmer grows flax for linen.	农民种植亚麻来制作亚麻布。
retardant	The fabric contains a flame retardant.	这种织物含有阻燃剂。
acrimony	They parted without bitterness or acrimony.	他们分手时没有怨恨或恶语相向。
dryasdust	The lively historian was no dryasdust.	这位生动有趣的历史学家绝非枯燥的书呆子。
souse	She prepared a traditional pork souse.	她做了一道传统的腌猪肉。
razzle	The show offered plenty of razzle and sparkle.	这场表演充满了令人眼花缭乱的热闹场面。
honk	We heard the honk of a goose.	我们听见了一只鹅的叫声。
sampler	The sampler drew water from the lake.	取样器从湖中抽取水样。
truculence	His truculence made calm discussion impossible.	他的好斗使平静讨论变得不可能。
spelunker	The spelunker checked her headlamp.	洞穴探险者检查了头灯。
nocturne	She played a quiet nocturne.	她演奏了一首宁静的夜曲。
scantling	Only a scantling of food remained.	只剩下一点点食物。
tiff	They had a small tiff over dinner.	他们吃饭时拌了几句嘴。
farrow	The sow produced a healthy farrow.	母猪产下了一窝健康的小猪。
afflatus	The poet waited for a fresh afflatus.	诗人等待着新的灵感。
sciolism	His confident claims revealed mere sciolism.	他自信的断言暴露了他的一知半解。
stiletto	The exhibit included an ornate stiletto.	展品中有一把装饰华丽的细匕首。
vesture	The portrait shows the monarch's ceremonial vesture.	肖像展示了君主的礼服。
empathy	She listened with genuine empathy.	她怀着真诚的同理心倾听。
hustings	The candidates debated at the hustings.	候选人在竞选集会上辩论。
gudgeon	The trickster sought another gullible gudgeon.	骗子又在寻找一个容易上当的人。
tinder	Dry bark makes useful tinder.	干树皮是有用的引火物。
discography	The book includes a complete discography.	这本书附有完整的唱片目录。
leer	His unpleasant leer made her uncomfortable.	他令人厌恶的色眯眯目光使她不自在。
potation	The host offered a warming potation.	主人奉上了一杯暖身的饮料。
subreption	The grant was obtained through subreption.	这笔拨款是通过隐瞒事实取得的。
aeon	The rocks formed over an aeon.	这些岩石经历漫长年代形成。
specter	A pale specter appeared in the story.	故事中出现了一个苍白的幽灵。
harangue	The meeting ended with an angry harangue.	会议以一番愤怒的长篇训斥告终。
stodge	She wanted fresh fruit, not heavy stodge.	她想吃新鲜水果，而不是油腻难消化的食物。
spinosity	The cactus's spinosity discouraged the curious child.	仙人掌浑身的刺让好奇的孩子却步。
plumule	A small plumule emerged from the seed.	一枚小胚芽从种子中长出。
puerility	The critic objected to the film's puerility.	评论家不满这部电影的幼稚。
crimp	Use the tool to crimp the metal edge.	用工具把金属边缘压出褶皱。
delectation	The musicians played for our delectation.	乐手们为我们演奏助兴。
infatuation	His infatuation faded over the summer.	他的迷恋在夏天渐渐消退。
fatuity	The satire exposes the fatuity of their boasting.	这部讽刺作品揭露了他们吹嘘行为的愚蠢。
panache	She delivered the speech with panache.	她的演讲潇洒自信。
ombrometer	The observer emptied the ombrometer after the storm.	暴风雨后，观测员倒空了雨量计。
hummock	We rested on a grassy hummock.	我们在一个长满草的小丘上休息。
cornet	He plays cornet in the brass band.	他在铜管乐队吹短号。
stipulation	We agreed, with one important stipulation.	我们同意了，但有一个重要条件。
digamy	The historical essay discusses attitudes towards digamy.	这篇历史论文讨论了人们对再婚的态度。
abeyance	The proposal remains in abeyance.	这项提议仍被暂时搁置。
motet	The choir sang a beautiful motet.	合唱团唱了一首优美的经文歌。
stricture	She resented his stricture on her conduct.	她对他责难自己的行为感到不满。
incumbency	The policy changed during her incumbency.	这项政策在她任职期间发生了变化。
diviner	The villagers consulted a diviner.	村民们请教了一位占卜者。
scythe	He cut the grass with a scythe.	他用长柄镰刀割草。
fathom	The water was scarcely a fathom deep.	水深还不到一英寻。
magistracy	He entered the magistracy after years of legal practice.	从事多年法律工作后，他出任了地方司法官。
vibrancy	We loved the market's colour and vibrancy.	我们喜爱市场的色彩和活力。
ambivalence	She felt ambivalence about leaving home.	她对离家感到心情矛盾。
picket	Workers formed a picket outside the factory.	工人们在工厂外组成了纠察队。
tanner	The tanner prepared leather for the workshop.	制革工人为作坊准备皮革。
moulder	The letters began to moulder in the damp cellar.	这些信在潮湿的地窖里开始发霉。
nave	Sunlight streamed into the church's nave.	阳光照进了教堂的中殿。
henchman	The villain sent his henchman ahead.	反派派他的手下先行。
grueling	It was a grueling three-day trek.	那是一场累人的三天徒步旅行。
abracadabra	The magician shouted abracadabra and opened the box.	魔术师喊了一声咒语，打开了盒子。
manikin	The tailor fitted the jacket on a manikin.	裁缝把夹克套在人体模型上调整。
plinth	The statue stands on a marble plinth.	雕像矗立在大理石底座上。
technocrat	The committee appointed an experienced technocrat.	委员会任命了一位经验丰富的技术官僚。
disquisition	He delivered a lengthy disquisition on language.	他发表了一篇关于语言的长篇论述。
climacteric	The study examined the fruit's climacteric rise in respiration.	这项研究考察了果实呼吸跃变期的呼吸增强。
prudery	Her prudery made frank discussion difficult.	她过分拘谨，使坦率讨论变得困难。
lulu	That last puzzle was a lulu.	最后那个谜题真够厉害的。
germen	The botanical drawing labels the flower's germen.	植物学图谱标出了花的子房。
automatism	The essay explores automatism in surrealist art.	这篇文章探讨了超现实主义艺术中的自动创作。
yeoman	The yeoman cultivated his own land.	自耕农耕种着自己的土地。
vendetta	The feud became a bitter personal vendetta.	这场争执演变成了一场激烈的私人复仇。
malison	The witch uttered a terrible malison.	女巫发出了可怕的诅咒。
nib	Ink dried on the pen's nib.	墨水在钢笔尖上干了。
empyrean	The poem imagines stars in the empyrean.	这首诗想象着九天之上的繁星。
burlesque	The show was a burlesque of political speeches.	这场表演滑稽地模仿了政治演说。
upshift	You can upshift after the bend.	过弯后你可以升挡。
calefy	The small stove will calefy the room.	小火炉会让房间暖和起来。
ramify	The narrow channels ramify across the delta.	狭窄的水道在三角洲上分支延伸。
peeve	Those constant interruptions really peeve me.	那些不断的打断真让我恼火。
transude	Fluid can transude through the thin membrane.	液体可以渗过这层薄膜。
bullyrag	He tried to bullyrag the younger boys.	他试图欺凌年纪较小的男孩们。
slue	The cart began to slue sideways.	车开始向侧面滑转。
roister	The sailors liked to roister after payday.	水手们喜欢在发薪后饮酒狂欢。
foozle	He managed to foozle an easy putt.	他竟然把一个简单的推杆打坏了。
derogate	These remarks derogate from her achievement.	这些话贬低了她的成就。
discompose	Unexpected questions rarely discompose her.	意外的问题很少使她慌乱。
twit	They would twit him about his fancy hat.	他们常拿他那顶花哨的帽子取笑他。
granulate	The machine will granulate the dry material.	这台机器会将干燥材料制成颗粒。
homologate	The agency must homologate the vehicle design.	该机构必须认证这种车辆设计。
desalinize	The plant can desalinize seawater.	这座工厂能够淡化海水。
titivate	She paused to titivate her hair.	她停下来整理头发。
sojourn	We plan to sojourn in the village.	我们计划在村里小住。
scintillate	The stars scintillate in the clear sky.	星星在晴朗的夜空中闪烁。
repugn	The councillors dared to repugn the decree.	议员们敢于反对这道法令。
recriminate	There is no point in starting to recriminate.	开始互相责难毫无意义。
fructify	They hoped their patient efforts would fructify.	他们希望耐心的努力能结出成果。
spoof	The film will spoof classic detective stories.	这部电影将戏仿经典侦探故事。
prink	He would prink before every party.	他每次聚会前都要精心打扮。
temporize	The manager tried to temporize until help arrived.	经理试图拖延到援助到来。
abase	She refused to abase herself before him.	她拒绝在他面前卑躬屈膝。
supplicate	They knelt to supplicate for mercy.	他们跪下恳求宽恕。
gormandize	He tends to gormandize at buffets.	他吃自助餐时往往狼吞虎咽。
ingurgitate	The comic character would ingurgitate every meal.	那个喜剧角色每顿饭都狼吞虎咽。
inspissate	Gentle heating will inspissate the liquid.	温和加热会使液体浓缩。
smirch	False allegations can smirch a reputation.	虚假指控会玷污名誉。
wangle	She managed to wangle an invitation.	她设法弄到了一份邀请。
slink	The cat tried to slink past us.	猫试图偷偷溜过我们身边。
rusticate	They planned to rusticate for the summer.	他们计划到乡下过夏天。
titillate	The mystery was designed to titillate curious readers.	这个谜团旨在激起好奇读者的兴趣。
petrify	The sudden roar could petrify anyone.	那声突然的吼叫足以把任何人吓呆。
guttle	The greedy giant began to guttle his supper.	贪吃的巨人开始大口吞食晚餐。
shunt	The engine will shunt the wagons aside.	机车会把货车调到一旁。
accede	She would not accede to their demands.	她不愿同意他们的要求。
dally	Don't dally; the bus is leaving.	别磨蹭，公共汽车要开了。
perpend	Take time to perpend the evidence.	花些时间仔细考虑证据。
forswear	He promised to forswear gambling.	他承诺戒赌。
permute	The program can permute the letters.	这个程序可以重新排列字母。
whelm	The waves threatened to whelm the small boat.	波浪几乎要淹没小船。
castigate	The editorial will castigate the wasteful spending.	社论将严厉批评浪费性的开支。
quaff	The travellers stopped to quaff some cider.	旅行者停下来大口喝了些苹果酒。
dawdle	We cannot dawdle if we want to arrive on time.	想准时到达，我们就不能磨蹭。
vaticinate	The seer claimed to vaticinate future events.	预言者声称能预知未来事件。
pucker	The seam may pucker if pulled too tightly.	缝线拉得太紧，接缝可能会起皱。
traduce	She refused to traduce her former colleagues.	她拒绝诋毁以前的同事。
bumble	He tends to bumble through unfamiliar tasks.	他处理不熟悉的任务时往往笨手笨脚。
cumber	Heavy bundles cumber the narrow passage.	沉重的包裹堵住了狭窄的通道。
lucubrate	The scholar would lucubrate long after midnight.	这位学者常在午夜之后仍专心著述。
booze	They used to booze after work.	他们过去常在下班后豪饮。
defalcate	The clerk was accused of trying to defalcate funds.	那名职员被指控试图挪用资金。
stridulate	Crickets stridulate in the long grass.	蟋蟀在高草丛里鸣叫。
exult	The fans began to exult in victory.	球迷们开始为胜利欢呼雀跃。
superabound	Flowers superabound in the sheltered valley.	花朵在这片避风的山谷中盛开，到处都是。
wallop	The boxer can wallop the heavy bag.	拳击手能用重拳猛击沙袋。
effervesce	The tablet began to effervesce in water.	药片开始在水中冒泡。
hunker	We decided to hunker down during the storm.	我们决定在暴风雨期间待在安全处。
tergiversate	He began to tergiversate when asked for a clear answer.	当被要求明确回答时，他开始闪烁其词。
scud	Dark clouds scud across the sky.	乌云迅速掠过天空。
preponderate	In this debate, practical concerns preponderate.	在这场辩论中，实际考虑占据主导。
philander	The novel's hero continues to philander.	小说的主人公继续拈花惹草。
famish	The blockade threatened to famish the town.	封锁使小镇面临饥饿的威胁。
lancinate	Sharp pains seemed to lancinate his shoulder.	阵阵剧痛仿佛刺穿他的肩膀。
attune	We must attune our plans to local needs.	我们必须使计划适应当地需求。
beshrew	Beshrew the rain that spoiled our picnic!	该死的雨，毁了我们的野餐！
jugulate	The minister hoped to jugulate the rebellion early.	部长希望及早扼杀叛乱。
syncopate	The drummer likes to syncopate the rhythm.	鼓手喜欢把节奏作切分处理。
foray	Their first foray into publishing proved successful.	他们初次涉足出版业便取得了成功。
bewray	His trembling hands would bewray his fear.	他颤抖的双手会暴露他的恐惧。
flabbergast	The surprise was enough to flabbergast us.	这个意外足以让我们目瞪口呆。
etherize	The old manual describes how physicians would etherize patients.	那本旧手册描述了医生曾如何用乙醚麻醉患者。
expiscate	The investigator sought to expiscate the truth.	调查者试图查明真相。
torrefy	The processor uses heat to torrefy the material.	加工设备利用热量焙烧材料。
flagellate	He would flagellate himself verbally for every mistake.	他每犯一个错误都要狠狠责骂自己。
disfranchise	The measure would disfranchise many residents.	这项措施将剥夺许多居民的选举权。
descry	We could descry a tower through the mist.	我们能透过薄雾远远看见一座塔。
conspue	The hostile crowd began to conspue the speaker.	怀有敌意的人群开始大声斥骂演讲者。
stigmatize	Such labels can stigmatize innocent people.	这样的标签会使无辜的人蒙受污名。
enkindle	Her words helped enkindle their enthusiasm.	她的话帮助点燃了他们的热情。
deice	Workers will deice the aircraft before departure.	工作人员将在起飞前为飞机除冰。
scrimp	They had to scrimp to pay the rent.	他们不得不节衣缩食来支付房租。
adumbrate	The opening scenes adumbrate the tragedy to come.	开场的几幕预示了即将发生的悲剧。
embitter	Years of rejection can embitter a person.	多年的拒绝会使一个人心怀怨恨。
cocker	She would cocker the little dog endlessly.	她总是无休止地宠着那只小狗。
manumit	The document records a decision to manumit enslaved workers.	文件记录了解放被奴役劳工的决定。
colligate	The theory attempts to colligate these observations.	该理论试图将这些观察结果综合起来。
vituperate	He began to vituperate against his critics.	他开始谩骂批评他的人。
whet	The preview will whet your appetite for the film.	这段预告会勾起你观看电影的兴趣。
scrunch	You can scrunch the paper into a ball.	你可以把纸揉成一团。
triturate	The machine can triturate the dried material.	这台机器能把干燥的材料磨成粉。
ruck	The carpet may ruck under the door.	地毯可能会在门下起褶。
finagle	He tried to finagle a better seat.	他试图耍点手段弄个更好的座位。
imprecate	The angry sailor began to imprecate against the storm.	愤怒的水手开始诅咒这场暴风雨。
adjure	I adjure you to tell the truth.	我郑重恳求你说出真相。
assoil	The old tale describes a priest empowered to assoil sinners.	古老的故事描写了一位获准赦免罪人的神父。
objurgate	The headmaster would objurgate them for lateness.	校长会因迟到而训斥他们。
enmesh	These obligations can enmesh us in debt.	这些义务可能使我们陷入债务。
fulminate	He continued to fulminate against the new rules.	他继续猛烈抨击新规。
transmogrify	The spell will transmogrify the prince into a frog.	这个咒语会把王子变成一只青蛙。
discommode	I hope the delay will not discommode you.	我希望这次延误不会给你带来不便。
deaerate	The equipment will deaerate the liquid.	这套设备会去除液体中的空气。
debauch	The story shows how power can debauch a leader.	这个故事展现了权力如何使领导者堕落。
dulcify	A little honey will dulcify the drink.	一点蜂蜜会让这杯饮料变甜。
redintegrate	The conservators sought to redintegrate the damaged mural.	修复人员试图恢复受损壁画的完整性。
admix	They admix fine sand with the clay.	他们把细沙掺入黏土。
ruggedize	Engineers will ruggedize the device for fieldwork.	工程师将加固设备，使之适合野外作业。
besot	The promise of easy wealth can besot a person.	轻松发财的承诺会让人失去理智。
engird	Old stone walls engird the garden.	古老的石墙环绕着花园。
tepefy	The gentle sun began to tepefy the room.	柔和的阳光开始使房间微微变暖。
sate	The generous meal could sate any appetite.	这顿丰盛的饭足以让任何人饱餐一顿。
refocillate	A warm meal helped refocillate the weary travellers.	一顿热饭帮助疲惫的旅行者恢复了精神。
entrammel	Excessive rules can entrammel research.	过多的规则会束缚研究。
rive	A wedge can rive the log.	楔子能劈开这根木头。
tamp	Tamp the soil around the post.	夯实柱子周围的土。
execrate	The villagers came to execrate the cruel ruler.	村民们渐渐憎恶起那个残暴的统治者。
bedaub	The children began to bedaub the paper with paint.	孩子们开始在纸上乱涂颜料。
disembosom	She wished to disembosom herself to a trusted friend.	她想向一位可信赖的朋友倾吐心事。
detrude	The pressure threatened to detrude the loose plug.	压力几乎要把松动的塞子挤出去。
lave	Cool waves lave the sandy shore.	清凉的波浪冲洗着沙岸。
begird	Green hills begird the quiet town.	青山环绕着宁静的小镇。
immolate	The legend describes a rite to immolate an offering.	传说描述了焚烧祭品的仪式。
excogitate	We must excogitate a practical solution.	我们必须想出一个切实可行的解决方案。
extirpate	Workers hope to extirpate the invasive weed.	工人们希望根除这种入侵杂草。
heckle	Several spectators began to heckle the speaker.	几名观众开始起哄诘问演讲者。
encipher	The program can encipher a short message.	这个程序能把短消息加密。
ensconce	She likes to ensconce herself by the fireplace.	她喜欢舒舒服服地坐在壁炉旁。
wimple	The costume designer helped wimple the actor's head.	服装设计师帮演员用头巾包住头部。
spellbind	Her stories can spellbind an entire room.	她的故事能让一屋子人听得入迷。
decollate	The chronicle records an order to decollate the prisoner.	编年史记载了一道将囚犯斩首的命令。
felicitate	We gathered to felicitate the new graduates.	我们聚在一起祝贺新毕业生。
jounce	The cart began to jounce over the stones.	马车开始在石头路上颠簸。
chaffing	His chaffing tone made everyone smile.	他打趣的语气让大家都笑了。
cosycozy	The cottage felt cosy on a winter evening.	冬日傍晚，小屋让人感到温暖舒适。
scission	The experiment measured polymer chain scission.	实验测量了聚合物链的断裂。
incorrigibility	His repeated pranks suggested cheerful incorrigibility.	他反复恶作剧，显出一种顽皮难改的性子。
antiquarianism	Her antiquarianism began with collecting old maps.	她对古物的兴趣始于收集旧地图。
bibliomania	His bibliomania filled every room with books.	他的藏书癖让每个房间都堆满了书。
warranted	Further investigation is clearly warranted.	显然有必要进一步调查。
undemonstrable	The claim remains entirely undemonstrable.	这个说法仍无法证实。
waddle	The ducks began to waddle towards the pond.	鸭子们开始摇摇摆摆地走向池塘。
furor	The announcement caused a public furor.	这则公告引发了公众的强烈反应。
undergird	Strong evidence must undergird the conclusion.	结论必须有有力的证据支撑。
erratically	The old clock runs erratically.	那座旧钟走时不稳定。
reciprocally	The two communities supported each other reciprocally.	两个社区相互支持。
puffery	The review distinguished facts from advertising puffery.	这篇评述区分了事实与广告吹捧。
successively	Three teams successively held the record.	三支队伍先后保持过这项纪录。
condign	The villain received condign punishment.	反派受到了应有的惩罚。
enflame	Reckless words can enflame old resentments.	鲁莽的话语会激起旧怨。
dillydally	We must not dillydally at the station.	我们不能在车站磨磨蹭蹭。
pluralist	As a pluralist, she welcomed different viewpoints.	作为多元主义者，她欢迎不同的观点。
podiatrist	He made an appointment with a podiatrist.	他预约了一位足病医生。
iconoclasm	The lecture examined religious iconoclasm.	讲座考察了宗教中的偶像破坏运动。
pretense	She made no pretense of liking the plan.	她没有假装喜欢这个计划。
denunciate	The pamphlet sought to denunciate official corruption.	小册子试图公开谴责官员腐败。
oligarch	The oligarch controlled several large companies.	那个寡头控制着几家大公司。
unthreatening	She spoke in an unthreatening tone.	她说话的语气没有威胁感。
inappreciable	The change in weight was inappreciable.	重量的变化微小得难以察觉。
boding	A boding silence filled the room.	一种不祥的寂静笼罩着房间。
incongruent	His cheerful tone seemed incongruent with the news.	他欢快的语气似乎与这个消息不协调。
self-righteousness	His self-righteousness annoyed his colleagues.	他的自以为是使同事们恼火。
misrepresentation	She objected to the misrepresentation of her views.	她反对歪曲她的观点。
impracticability	The survey revealed the plan's impracticability.	调查显示这个计划无法实施。
catalyze	The discovery could catalyze further research.	这项发现可能促进进一步研究。
plaudit	Her performance earned a plaudit from the critic.	她的表演赢得了评论家的赞扬。
unmitigated	The outing was an unmitigated disaster.	这次出游完全是一场灾难。
outmaneuver	She managed to outmaneuver her opponent.	她设法以策略战胜了对手。
unnoteworthy	The entry describes an otherwise unnoteworthy day.	这则记录描述了平平无奇的一天。
perfervid	His perfervid enthusiasm exhausted the others.	他过分炽烈的热情让其他人疲惫不堪。
gaff	The boat's gaff supported the upper sail.	船上的斜桁支撑着上帆。
haphazardly	The boxes were stacked haphazardly.	箱子被杂乱地堆放着。
self-adulation	The speech was full of self-adulation.	这篇演讲充满了自我吹捧。
embryological	The museum displayed embryological diagrams.	博物馆展出了胚胎学图解。
anticlimactic	The ending felt strangely anticlimactic.	这个结尾出人意料地让人泄气。
dumbbell-like	The molecule has a dumbbell-like shape.	这个分子呈哑铃状。
draggy	The film's middle section felt draggy.	电影中间的部分显得拖沓。
tined	She lifted the hay with a three-tined fork.	她用三齿叉挑起干草。
cacophonous	A cacophonous chorus greeted the visitors.	一阵杂乱刺耳的合唱迎接着来访者。
demagogue	The demagogue exploited the crowd's fears.	那个煽动人心的政客利用了群众的恐惧。
suppliant	He approached with a suppliant expression.	他带着恳求的表情走近。
underbid	The smaller firm tried to underbid its rivals.	那家较小的公司试图报出比竞争者更低的价格。
demystify	The guide aims to demystify basic accounting.	这本指南旨在使基础会计易于理解。
untasted	Her tea remained untasted on the table.	她的茶放在桌上，一口也没喝。
scads	We have scads of time.	我们有的是时间。
maraud	The bandits would maraud along the frontier.	匪徒们常在边境一带劫掠。
predetermine	One mistake need not predetermine the outcome.	一个错误不必决定最终的结果。
judiciousness	Her judiciousness helped resolve the dispute.	她的明智帮助解决了争端。
enfeeble	Prolonged neglect can enfeeble an institution.	长期忽视会削弱一个机构。
nucleate	Tiny crystals begin to nucleate in the solution.	微小晶体开始在溶液中成核。
deprecatory	He gave a deprecatory shake of the head.	他不赞同地摇了摇头。
flaunty	The costume was deliberately flaunty.	这套服装刻意设计得炫目招摇。
goldbrick	He tried to goldbrick while the others worked.	其他人干活时，他试图偷懒。
cannily	She cannily waited for a better offer.	她精明地等待更好的报价。
obstinateness	His obstinateness prolonged the disagreement.	他的固执延长了争执。
enfetter	These obligations would enfetter their freedom.	这些义务会束缚他们的自由。
untarnished	The silver remained bright and untarnished.	银器依然光亮，没有失去光泽。
impuissance	He felt his impuissance in the face of the storm.	面对暴风雨，他感到自己的无力。
backset	The delay was a serious backset.	这次延误是一次严重的挫折。
ravel	Loose threads can ravel into knots.	松散的线头可能纠缠成结。
accrete	Layers of sediment slowly accrete here.	一层层沉积物在这里慢慢堆积。
maleficent	The tale features a maleficent sorcerer.	故事中有一个作恶的巫师。
ingeniousness	We admired the ingeniousness of her design.	我们赞赏她设计的巧妙独创。
equivocator	The interviewer pressed the equivocator for an answer.	采访者催促那个含糊其辞的人作答。
nonplussed	The unexpected request left her nonplussed.	出乎意料的请求使她不知所措。
painstakingly	He painstakingly restored the old clock.	他煞费苦心地修复了旧钟。
verisimilar	The novelist created a verisimilar village.	小说家创造了一个逼真的村庄。
analgesia	The study recorded the duration of analgesia.	这项研究记录了镇痛作用的持续时间。
befoul	Waste can befoul the stream.	废物会污染这条小溪。
bruit	They began to bruit the rumour abroad.	他们开始四处散布那个传闻。
suavity	His suavity put the nervous guests at ease.	他温文尔雅的举止使紧张的宾客放松下来。
conventionalize	The artist chose to conventionalize the floral forms.	艺术家选择将花卉形态图案化。
shallowness	The essay reveals the shallowness of his analysis.	这篇文章暴露了他分析的肤浅。
world-beater	The coach believes she could become a world-beater.	教练相信她能成为世界顶尖选手。
checkered	He wore a checkered shirt.	他穿着一件方格衬衫。
spiritedness	Her spiritedness lifted the team's mood.	她的活力振奋了全队的情绪。
immure	The tyrant sought to immure his rivals.	暴君试图监禁他的对手。
gangly	A gangly teenager opened the door.	一个瘦高的少年开了门。
purported	The purported expert could answer no questions.	那个所谓的专家什么问题也答不上来。
lissome	The lissome gymnast landed gracefully.	身体柔韧的体操运动员优雅地落地。
exhaustiveness	The survey was praised for its exhaustiveness.	这项调查因全面详尽而受到赞扬。
unregulated	They worried about unregulated development.	他们担心不受监管的开发。
bumptious	His bumptious manner irritated the interviewer.	他自以为是的态度惹恼了采访者。
runic	The stone bears a runic inscription.	这块石头上刻着卢恩文字铭文。
potboiler	He wrote a potboiler to pay the bills.	他写了一部应景的通俗作品来支付账单。
belabor	There is no need to belabor the point.	没有必要反复赘述这一点。
vicissitudinous	The memoir describes a vicissitudinous career.	这部回忆录描述了一段跌宕起伏的职业生涯。
inferable	The answer is inferable from the context.	答案可以从上下文推知。
ill-repute	The scandal brought the club into ill-repute.	这桩丑闻使俱乐部名誉扫地。
reenact	The performers will reenact the historic arrival.	演员们将重现那次历史性的抵达。
unenlightened	The exhibit challenges unenlightened attitudes towards disability.	展览挑战了对残障的愚昧态度。
flossy	Soft, flossy fibres covered the seed.	柔软如丝的纤维覆盖着种子。
overtire	Do not overtire yourself with extra work.	别因额外的工作让自己过度疲劳。
egotist	The egotist turned every conversation towards himself.	那个自我中心的人把每次谈话都引向自己。
jolting	We endured a jolting ride over rough roads.	我们忍受了一路崎岖道路上的颠簸。
debark	Passengers will debark at the next port.	乘客将在下一个港口下船。
intrusively	The camera followed her intrusively.	摄像机以侵犯隐私的方式一路跟拍她。
stygian	The cellar lay in stygian darkness.	地窖里漆黑阴森。
gregariousness	Her gregariousness helped her make friends.	她爱交往的性格帮助她结交朋友。
merited	The team received well-merited praise.	队伍得到了应有的赞扬。
regretfully	She regretfully declined the invitation.	她遗憾地谢绝了邀请。
exigency	The storm created an unforeseen exigency.	暴风雨造成了一场意料之外的紧急情况。
largess	The library benefited from her largess.	图书馆受益于她的慷慨捐赠。
hoodoo	The win finally broke the team's hoodoo.	这场胜利终于打破了球队的厄运。
disorganize	A sudden move can disorganize the office.	突然搬迁会使办公室陷入混乱。
flatulent	The critic mocked his flatulent prose.	评论家嘲笑了他浮夸的文风。
extricable	The trapped rope proved extricable with patience.	耐心处理后，卡住的绳子终于能够解脱出来。
incogitant	His incogitant remark caused unnecessary offence.	他未经思考的话语造成了不必要的冒犯。
zesty	The sauce has a zesty lemon flavour.	这种酱汁带有鲜明的柠檬风味。
anneal	The workshop can anneal the metal parts.	这个车间能够对金属零件进行退火处理。
environ	Tall trees environ the old house.	高大的树木环绕着老房子。
sportive	The sportive puppies chased each other.	活泼的小狗互相追逐。
undirected	The exercise allowed undirected creative play.	这个活动允许不加引导的创造性游戏。
fancied	His fancied insult had never been intended.	他以为受到的侮辱其实并非对方本意。
raciness	The dialogue gives the play its raciness.	对白赋予了这部戏生动活泼的趣味。
brattish	His brattish behaviour spoiled the outing.	他任性无礼的行为破坏了出游的兴致。
semimolten	The furnace contained semimolten metal.	熔炉中装着半熔化的金属。
simonize	He spent the afternoon learning to simonize the car.	他花了一下午学习给车打蜡抛光。
wend	We began to wend our way home.	我们开始慢慢走回家。
unidimensional	The analysis used a unidimensional scale.	分析采用了一维量表。
pervious	The surface is pervious to water.	这个表面可以透水。
mesmerism	The historian studied nineteenth-century mesmerism.	历史学家研究了十九世纪的催眠术。
distain	The scandal could distain his reputation.	丑闻可能玷污他的声誉。
vitalize	New ideas can vitalize a tired organisation.	新想法可以使疲乏的组织重焕活力。
dogmatist	The dogmatist refused to consider new evidence.	那个独断论者拒绝考虑新证据。
reciprocation	The mechanism converts rotation into reciprocation.	该机构将旋转运动转换为往复运动。
miff	Her abrupt departure seemed to miff him.	她突然离开似乎使他有些恼火。
wigwag	The signal lights wigwag at the crossing.	道口的信号灯交替闪动。
maunder	He would maunder about the old days.	他常絮絮叨叨地讲过去的事。
muniments	The castle archive preserves ancient muniments.	城堡档案馆保存着古老契据。
uncharitable	That is an uncharitable interpretation of her words.	那是对她的话不厚道的解读。
factorable	This polynomial is factorable over the integers.	这个多项式可以在整数范围内分解因式。
impiety	The sermon warned against arrogance and impiety.	布道告诫人们不要傲慢和不敬。
winkle	She tried to winkle out the truth.	她试图套出真相。
fluvial	The rocks show signs of fluvial erosion.	这些岩石显示出河流侵蚀的痕迹。
excursive	His excursive lecture wandered through several unrelated topics.	他的讲座东拉西扯，涉及几个不相干的话题。
obliqueness	The diagram illustrates the wall's obliqueness.	这幅图显示了墙体的倾斜程度。
urbanize	The region began to urbanize rapidly.	这个地区开始迅速城市化。
ponderable	Cost is a ponderable factor in this decision.	成本是作出这个决定时可以衡量的因素。
deracinate	The work aims to deracinate invasive shrubs.	这项工作旨在根除入侵灌木。
inelasticity	The material's inelasticity limits its uses.	这种材料缺乏弹性，限制了它的用途。
informality	We enjoyed the informality of the gathering.	我们喜欢这次聚会不拘礼节的氛围。
wroth	The king grew wroth at the news.	国王听到消息后勃然大怒。
illuminati	The novel invents a secret circle of illuminati.	小说虚构了一个先觉者的秘密团体。
nonradioactive	The sample was confirmed to be nonradioactive.	样品被确认没有放射性。
vaporous	A vaporous haze covered the valley.	蒸汽般的薄雾笼罩着山谷。
dissociation	The experiment examines the dissociation of the compound.	实验考察这种化合物的解离。
recompose	She paused to recompose herself.	她停下来让自己重新镇定。
ague	The old diary describes recurring bouts of ague.	那本旧日记描述了反复发作的寒战热病。
postiche	The actor wore a convincing postiche.	演员戴着一顶逼真的假发。
lionize	The press began to lionize the young inventor.	媒体开始把这位年轻发明家捧为名人。
plentitude	The garden offered a plentitude of colour.	花园呈现出丰富的色彩。
jape	The students would jape about the difficult exam.	学生们会拿那场难考的试开玩笑。
unimpassioned	She gave a calm, unimpassioned account.	她作了一个平静、不带激情的叙述。
avocational	His avocational interest is woodcarving.	他的业余爱好是木雕。
frumpy	She disliked the frumpy old uniform.	她不喜欢那套老土的旧制服。
dyspeptic	The critic delivered a dyspeptic review.	评论家写了一篇牢骚满腹的评论。
irradicable	The experience left an irradicable impression.	这段经历留下了不可磨灭的印象。
self-procession	The diagram represents self-procession without an external guide.	这幅图表示了没有外部引导的自行列队过程。
browbeat	He tried to browbeat her into agreeing.	他试图威吓她同意。
reexamination	The findings prompted a reexamination of the theory.	这些发现促使人们重新审视该理论。
bootless	Their search proved entirely bootless.	他们的搜寻完全徒劳。
unsurpassed	Her attention to detail remains unsurpassed.	她对细节的关注仍无人能及。
verdure	Spring restored the valley's verdure.	春天使山谷恢复了青翠。
outgrowth	The club was an outgrowth of their shared interest.	这个俱乐部源于他们的共同兴趣。
discombobulated	The sudden change left me discombobulated.	突如其来的变化让我不知所措。
suffragist	The suffragist campaigned for women's voting rights.	那位妇女参政权倡导者为女性选举权而奔走。
jarring	A jarring noise interrupted the music.	刺耳的噪声打断了音乐。
unfertilized	The experiment included an unfertilized plot.	实验包括一块未施肥的土地。
egoistical	His egoistical demands alienated his friends.	他自私的要求疏远了朋友们。
repudiation	Her statement was a clear repudiation of the accusation.	她的声明明确否认了这项指控。
untalented	No beginner should be dismissed as untalented.	不该将任何初学者轻率地认定为没有天赋。
intensification	The report noted an intensification of competition.	报告指出竞争加剧了。
remorselessly	The machine worked remorselessly through the night.	机器整夜不停地运转。
awe-struck	The awe-struck visitors gazed at the waterfall.	震撼不已的游客凝视着瀑布。
underrepresented	Rural communities were underrepresented in the survey.	农村社区在调查中未得到充分代表。
emaciation	The rescue team noted the animal's severe emaciation.	救援队注意到这只动物严重消瘦。
undecipherable	The faded inscription was almost undecipherable.	褪色的铭文几乎无法辨认。
drub	Their opponents threatened to drub them again.	他们的对手扬言要再次大败他们。
boastfulness	His boastfulness undermined an otherwise impressive presentation.	他的自吹自擂削弱了本来出色的报告效果。
sedulity	Her sedulity earned the teacher's respect.	她的勤奋赢得了老师的尊重。
aesthetically	The building is aesthetically pleasing.	这座建筑在审美上令人愉悦。
quiescence	The volcano entered a period of quiescence.	火山进入了静止期。
sparring	The boxers began a light sparring session.	拳击手们开始了一次轻量对练。
rarefy	Expansion can rarefy the gas.	膨胀可以使气体变得稀薄。
overinflated	The overinflated balloon burst suddenly.	充气过度的气球突然破了。
renunciate	The renunciate abandoned worldly possessions.	这位弃绝尘世者放弃了世俗财产。
lancet	The display included a historical lancet.	展品中有一把历史上的柳叶刀。
abstinent	He remained abstinent throughout the celebration.	整个庆祝期间他都没有饮酒。
potshot	The columnist took a potshot at the mayor.	专栏作家随意抨击了市长一番。
medicate	The veterinarian may need to medicate the animal.	兽医可能需要给这只动物用药。
perk	A short walk can perk you up.	短暂散步可以让你振作起来。
exorcise	Writing helped her exorcise old fears.	写作帮助她摆脱旧日的恐惧。
piousness	The portrait emphasised his outward piousness.	这幅肖像强调了他外在的虔诚。
empirically	The hypothesis must be tested empirically.	这个假设必须通过实证检验。
perspicuous	She offered a perspicuous explanation.	她给出了清晰明了的解释。
interlard	He would interlard his speeches with jokes.	他常在演讲中穿插笑话。
earthiness	The mushrooms added earthiness to the soup.	蘑菇给汤增添了泥土般的醇厚风味。
schematize	We can schematize the process in a diagram.	我们可以用图表概括这个过程。
vaunting	His vaunting speech impressed nobody.	他自吹自擂的演说没有打动任何人。
hardbitten	The hardbitten reporter doubted the easy explanation.	经验老到的记者怀疑这个轻巧的解释。
negligibly	The two results differed negligibly.	两个结果的差异微不足道。
spined	A heavily spined cactus grew nearby.	附近长着一株密布尖刺的仙人掌。
occlude	A fallen leaf can occlude the drain.	一片落叶就可能堵住排水口。
unliterary	Her diary uses plain, unliterary language.	她的日记使用朴素、不加修饰的语言。
amiability	Her amiability made newcomers feel welcome.	她的友善使新来的人感到受欢迎。
sideshow	The fair included a lively sideshow.	集市上有一场热闹的杂耍表演。
idolatrize	Some fans idolatrize their favourite singers.	一些歌迷盲目崇拜自己喜爱的歌手。
naysay	He seemed determined to naysay every suggestion.	他似乎决心反对每一项建议。
unscrupulousness	The investigation exposed the dealer's unscrupulousness.	调查揭露了商人不择手段的行径。
comprehensively	The report covers the subject comprehensively.	这份报告全面涵盖了这个主题。
notate	The composer began to notate the melody.	作曲家开始把旋律记成乐谱。
ail	What seems to ail the old horse?	那匹老马似乎哪里不舒服？
mitigant	The measure was intended to have a mitigant effect.	这项措施旨在起缓解作用。
restiveness	The horses' restiveness worried the rider.	马匹的躁动不安使骑手担心。
misperceive	We sometimes misperceive silence as agreement.	我们有时把沉默误解为同意。
archetypally	The hero behaves archetypally throughout the tale.	这位英雄在整个故事中都表现出典型模式。
uncontroversial	They began with an uncontroversial proposal.	他们以一项没有争议的提议开始。
earthshaking	The discovery was truly earthshaking.	这项发现确实具有划时代意义。
ill-paying	She left an ill-paying job.	她辞去了一份工资低廉的工作。
shortrange	The team tested a short-range radio.	团队测试了一台短程无线电设备。
pharisaic	The narrator exposes his pharisaic moralising.	叙述者揭露了他伪善的道德说教。
regulatory	The company faces new regulatory requirements.	公司面临新的监管要求。
naivete	Her honest question revealed a touching naivete.	她诚实的提问显露出动人的天真。
peery	The peery child watched the stranger closely.	那个疑心重的孩子紧盯着陌生人。
inculpate	The letter seemed to inculpate the missing clerk.	这封信似乎表明失踪的职员有罪。
warrantable	Her caution was entirely warrantable.	她的谨慎完全合乎情理。
inadvertence	The omission resulted from inadvertence.	遗漏是疏忽造成的。
immutability	The essay questions the supposed immutability of traditions.	这篇文章质疑传统所谓的不变性。
satiated	After the feast, everyone felt satiated.	盛宴之后，大家都感到心满意足。
excitability	The puppy's excitability made training difficult.	小狗容易兴奋，使训练变得困难。
supererogatory	The extra explanation seemed supererogatory.	额外的解释似乎有些多余。
overdraw	Be careful not to overdraw your account.	小心不要透支账户。
chantey	The sailors sang a lively chantey.	水手们唱着欢快的船歌。
slipperiness	The floor's slipperiness made walking difficult.	地板湿滑，让人难以行走。
upheave	Growing roots can upheave the pavement.	生长的树根能顶起路面。
volant	The shield depicts a bird volant.	盾徽上描绘着一只飞鸟。
mordacious	Her mordacious wit spared nobody.	她辛辣的机智对谁都不留情。
besmear	The children would besmear the walls with mud.	孩子们会用泥巴把墙涂得脏兮兮。
amphitheater	The audience filled the outdoor amphitheater.	观众坐满了露天圆形剧场。
preordain	Early setbacks do not preordain failure.	早期的挫折并不注定失败。
heedful	Be heedful of the warning signs.	要留意警示标志。
transposition	The mistake involved a transposition of two digits.	这个错误是把两个数字颠倒了。
bowler	He wore a black bowler.	他戴着一顶黑色圆顶礼帽。
gesticulation	His energetic gesticulation accompanied every sentence.	他说每句话时都伴随着有力的手势。
adjuration	Her urgent adjuration made him reconsider.	她急切的恳求使他重新考虑。
bursar	The bursar explained the tuition payment schedule.	财务主管解释了学费支付安排。
polemics	She preferred research to political polemics.	比起政治论战，她更喜欢研究。
reck	He seemed to reck little of danger.	他似乎不太在意危险。
benignant	The teacher gave a benignant smile.	老师露出了慈祥的微笑。
volitive	The grammar chapter examines volitive expressions.	语法章节考察了表示意愿的表达。
befog	Technical jargon can befog the discussion.	专业术语会使讨论变得晦涩难懂。
ultramontane	The travellers reached an ultramontane village.	旅行者们到达了山那边的一个村庄。
aliment	The travellers searched for shelter and aliment.	旅行者们寻找住处和食物。
vivify	Personal details can vivify a biography.	个人细节可以使传记更加生动。
foliate	A foliate pattern decorated the frame.	叶状图案装饰着画框。
accouter	The expedition needed funds to accouter its members.	探险队需要资金为成员配备装备。
spinous	The plant has a spinous stem.	这种植物的茎上有刺。
unsavory	The investigation uncovered several unsavory dealings.	调查揭露了几笔不光彩的交易。
alderman	The alderman listened to residents' concerns.	市议员听取了居民的担忧。
colloquialism	That colloquialism is common in this region.	那种口语表达在这个地区很常见。
assonate	The vowels assonate across the two lines.	这两行诗中的元音形成了类韵。
neology	The essay explores neology in scientific writing.	这篇文章探讨了科学写作中的新词创造。
becalm	The dying wind threatened to becalm the yacht.	风力渐弱，帆船面临无风停航。
saponaceous	The solution left a saponaceous film.	溶液留下了一层肥皂似的薄膜。
assonant	The poem uses assonant vowel sounds.	这首诗使用了元音类韵。
altruist	The quiet altruist spent weekends helping strangers.	那位低调的利他主义者用周末帮助陌生人。
trestle	The workers rested the boards on a trestle.	工人们把木板放在支架上。
bombardier	The museum displayed a bombardier's logbook.	博物馆展出了一名投弹手的飞行日志。
centiliter	The vial holds one centiliter of liquid.	这个小瓶能装一厘升液体。
sapiential	The collection contains ancient sapiential writings.	这部文集收录了古代智慧著作。
vermicide	The historical catalogue listed a vermicide.	那份历史目录列出了一种驱虫药。
cadent	The dancers followed the cadent music.	舞者随着有节奏的音乐起舞。
beck	A clear beck runs beside the cottage.	一条清澈的小溪流经小屋旁。
caitiff	The knight denounced the traitor as a caitiff.	骑士斥责叛徒是个卑鄙之人。
presentient	She felt presentient of the coming change.	她预感到变化即将到来。
indicant	The researcher selected an indicant of soil quality.	研究者选取了一项土壤质量指标。
inculpable	The inquiry found the assistant inculpable.	调查认定那位助理无过失。
salvageable	Some of the damaged furniture is salvageable.	部分受损家具仍可修复利用。
monition	He ignored her gentle monition.	他无视了她温和的忠告。
demagoguery	The editorial warned against fear-driven demagoguery.	社论警告人们警惕利用恐惧煽动群众。
assessor	The assessor inspected the damaged building.	评估员检查了受损建筑。
athwart	A fallen branch lay athwart the path.	一根倒下的树枝横在小路上。
salutatory	She delivered a brief salutatory address.	她发表了一段简短的欢迎辞。
actuary	The actuary analysed the insurance data.	精算师分析了保险数据。
forerun	Dark clouds may forerun a storm.	乌云可能预示暴风雨。
onrush	We stepped aside from the onrush of commuters.	我们站到一旁，避开涌来的通勤人群。
imperceptive	He was imperceptive of her growing unease.	他没有察觉她越来越不安。
homonym	The teacher asked for an example of a homonym.	老师要求举一个同形同音异义词的例子。
bacchanalia	The festival became a noisy bacchanalia.	节庆变成了一场喧闹的狂欢。
antilogy	The critic identified an antilogy in the argument.	评论家指出了论证中的前后矛盾。
abridgement	This edition is an abridgement of the original.	这一版是原作的节略本。
brazier	They warmed their hands over a brazier.	他们在火盆上方暖手。
bullock	A bullock pulled the heavy cart.	一头阉牛拉着沉重的车。
knavery	The plot turns on the servant's knavery.	情节围绕仆人的欺诈行为展开。
annalist	The annalist recorded each year's harvest.	编年史作者记录了每年的收成。
misanthropy	His letters reveal a growing misanthropy.	他的信件流露出日益加深的厌世情绪。
abduction	The detective investigated an apparent abduction.	侦探调查了一起疑似绑架案。
federate	The associations agreed to federate.	这些协会同意联合起来。
sophistical	Her question exposed his sophistical reasoning.	她的问题揭穿了他的诡辩推理。
academician	The distinguished academician addressed the conference.	那位杰出的院士在会议上致辞。
itinerate	The preacher would itinerate among remote villages.	这位传教士常在偏远村庄之间巡回传教。
vinery	The gardener repaired the old vinery.	园丁修缮了旧葡萄温室。
belay	She learned to belay her climbing partner.	她学会了为攀岩伙伴作绳索保护。
xenophobe	The novel exposes the fears of a xenophobe.	小说揭示了一个仇外者的恐惧。
appertain	These duties appertain to the office.	这些职责属于该职位。
recrudescent	The report noted recrudescent tensions in the town.	报告指出镇上紧张局势再起。
protuberate	The roots protuberate above the soil.	这些树根突出于土面之上。
dipper	She filled a dipper from the bucket.	她从桶中舀满了一长柄勺水。
dissever	The quarrel threatened to dissever their friendship.	这场争吵几乎要割断他们的友谊。
peccant	The sermon urged the peccant to repent.	布道敦促有罪者悔改。
effuse	The blossoms effuse a delicate fragrance.	花朵散发出淡雅的香气。
botanize	We planned to botanize along the woodland path.	我们计划沿林间小路采集研究植物。
antecede	These documents antecede the official announcement.	这些文件早于官方公告。
precession	The demonstration shows the precession of a spinning top.	演示展示了旋转陀螺的进动。
educe	Careful questions can educe useful details.	细致的提问能引出有用的细节。
antemundane	The myth describes an antemundane darkness.	神话描述了世界形成之前的黑暗。
collier	The collier carried coal to the port.	运煤船把煤运到了港口。
antiquary	The antiquary examined the old coins.	古物研究者仔细查看了古币。
clothier	The clothier fitted him for a suit.	服装商为他量身配了一套西装。
bethink	She paused to bethink herself of the consequences.	她停下来思考后果。
subjacent	The roots reached the subjacent layer.	树根深入了下层。
witling	The play's witling mistakes mockery for intelligence.	剧中那个玩弄小聪明的人把嘲讽当成聪明。
bight	The ship anchored in a sheltered bight.	船在一个避风的海湾抛锚。
perspicacity	Her perspicacity revealed the flaw immediately.	她敏锐的洞察力让她立刻看出了缺陷。
beneficence	The hospital benefited from his beneficence.	医院受益于他的善行。
discountenance	The principal would discountenance any bullying.	校长不赞成任何欺凌行为。
aeronaut	The aeronaut checked the balloon's ropes.	气球驾驶员检查了气球的绳索。
AluminumAl	The frame is made of aluminum.	这个框架是铝制的。
distingusihed	A distinguished scientist opened the conference.	一位杰出的科学家为会议致开幕辞。
PhosphorusP	The sample contains a small amount of phosphorus.	样品含有少量磷。
avant-garde	The gallery supports avant-garde artists.	这家画廊支持先锋派艺术家。
anaerobic respiration	The lesson compares aerobic and anaerobic respiration.	这节课比较有氧呼吸和无氧呼吸。
temperate forest	Deer moved through the temperate forest.	鹿群穿行于温带森林。
Oxygen O	Plants release oxygen during photosynthesis.	植物在光合作用过程中释放氧气。
Iron Fe	The gate is made of iron.	这扇门是铁制的。
a. 灵巧的， 熟练的	The task requires patience and dexterity.	这项任务需要耐心和灵巧。
temperate grassland	The reserve protects a temperate grassland.	这个保护区保护着一片温带草原。
overstride	He tried to overstride the narrow ditch.	他试图跨过那条窄沟。
artificial fertilization	The textbook explains artificial fertilization in fish breeding.	教科书讲解了鱼类繁育中的人工受精。
sulfur disoxide	The monitor detected sulfur dioxide in the air.	监测仪检测到了空气中的二氧化硫。
prokaryotic cell	The diagram shows a prokaryotic cell.	这幅图展示了一个原核细胞。
attentively	The children listened attentively to the story.	孩子们聚精会神地听故事。
beddings	The report compares different beddings used for livestock.	报告比较了用于牲畜的不同垫料。
birdcage	She cleaned the empty birdcage.	她清洗了空鸟笼。
gy	The chart uses gy as an abbreviation for gray.	图表用 gy 作为灰色的缩写。
hur	The glossary lists hur as short for hurricane.	词汇表将 hur 列为 hurricane 的缩写。
organiser	The organiser confirmed the meeting time.	组织者确认了会议时间。
stopwatch	The coach clicked the stopwatch.	教练按了一下秒表。
windbreaker	He packed a light windbreaker.	他装上了一件轻便的防风夹克。
ambassadress	The ambassadress welcomed the delegation.	女大使欢迎代表团的到来。
foregone	Victory was not a foregone conclusion.	胜利并不是预先注定的。
provisionally	The date has been provisionally agreed.	日期已暂时商定。
creditworthiness	The bank assessed the company's creditworthiness.	银行评估了公司的信用状况。
bondholder	Each bondholder received a notice.	每位债券持有人都收到了一份通知。
demotivated	Repeated delays left the team demotivated.	反复延误使团队失去了动力。
passivity	Her passivity frustrated those seeking change.	她的被动态度使寻求改变的人感到沮丧。
accommodator	As an accommodator, he helped the two sides agree.	作为调解者，他帮助双方达成一致。
hoarding	Panic buying led to widespread hoarding.	恐慌性购买导致了普遍的囤积行为。
passbook	She took her passbook to the bank.	她带着存折去了银行。
nationalization	The proposal called for nationalization of the railway.	提案呼吁将铁路国有化。
bourse	The shares traded on the local bourse.	这些股票在当地交易所交易。
CBA	The report includes a CBA of the proposal.	报告包含对提案的成本效益分析。
underinsured	The assessment found the building underinsured.	评估发现这座建筑投保不足。
decertify	The board voted to decertify the programme.	委员会投票决定撤销对该项目的认证。
forwarder	The freight forwarder arranged the shipment.	货运代理安排了这批货的运输。
jobbing	A jobbing carpenter repaired the broken shelf.	一名做零活的木匠修好了坏书架。
revaluate	We need to revaluate the property.	我们需要重新评估这处房产。
assessable	The form lists the assessable assets.	表格列出了可评估的资产。
flier	A colourful flier advertised the concert.	一张彩色传单宣传了这场音乐会。
depositor	The depositor requested an account statement.	存款人要求提供一份账户明细。
haulage	The company specialises in road haulage.	这家公司专营公路货运。
agiotage	The historian studied nineteenth-century agiotage.	历史学家研究了十九世纪的汇兑投机。
quittance	The merchant issued a quittance for the payment.	商人为这笔付款开具了收据。
revaluation	The accounts reflect a revaluation of the building.	账目反映了对这栋建筑的重新估值。
licensor	The licensor approved the revised agreement.	许可方批准了修改后的协议。
counterfoil	Keep the counterfoil for your records.	保留存根备查。
benchmarking	The team uses benchmarking to compare performance.	团队使用基准比较来对比绩效。
spreadsheet	She recorded the expenses in a spreadsheet.	她把费用记在电子表格中。
underuse	We tend to underuse the meeting room.	我们往往没有充分利用会议室。
backhander	The investigation uncovered a secret backhander.	调查揭露了一笔秘密回扣。
ungeared	The report compared geared and ungeared companies.	报告比较了有负债和无负债的公司。
expropriation	The archive documents the expropriation of land.	档案记录了土地征收过程。
DP	The diagram marks the data-processing unit as DP.	图中用 DP 标示数据处理单元。
hypermarket	The hypermarket sells groceries and household goods.	大型超市出售食品杂货和家居用品。
intermediation	The lecture explained financial intermediation.	讲座讲解了金融中介活动。
bookkeeper	The bookkeeper reconciled the monthly accounts.	簿记员核对了月度账目。
codetermination	The agreement introduced codetermination at board level.	协议在董事会层面引入了劳资共同决策。
acknowledgement	We received an acknowledgement of our application.	我们收到了申请已被接收的确认。
MB	The image file occupies five MB.	这份图像文件占用五兆字节。
embarkation	Passengers waited in the embarkation hall.	乘客在登船大厅等候。
decentralization	The reform encouraged administrative decentralization.	改革推动了行政分权。
TT	The invoice requests payment by TT.	发票要求通过电汇付款。
XD	The market report marked the stock XD.	市场报告将这只股票标记为除息。
buyout	The managers proposed a buyout of the firm.	经理们提出收购这家公司。
overtrade	Rapid expansion can tempt a business to overtrade.	迅速扩张可能诱使企业过度经营。
appraiser	An independent appraiser examined the painting.	一位独立鉴定师检查了这幅画。
HRD	The HRD team organised a training workshop.	人力资源开发团队组织了一次培训研讨会。
bearish	The analyst sounded bearish about the sector.	这位分析师对该行业的前景持看跌态度。
debenture	The company issued a new debenture.	公司发行了一笔新的债券。
attn	She wrote attn before the recipient's name.	她在收件人姓名前写上了 attn。
arbitrageur	The arbitrageur compared prices across exchanges.	套利者比较了不同交易所的价格。
extractive	The region relies on extractive industries.	这个地区依赖采掘业。
capitalization	Check the capitalization of each heading.	检查每个标题的大小写。
fixable	Fortunately, the software bug is fixable.	幸运的是，这个软件漏洞可以修复。
RSVP	The invitation says RSVP by Friday.	请柬上写着请在周五前回复。
ETA	Our ETA is six this evening.	我们预计今晚六点到达。
kermis	The village held a lively kermis.	村里举行了一场热闹的露天集会。
take-over	The proposed take-over prompted staff questions.	拟议中的收购引发了员工的疑问。
p.a.	The notice lists the rent as twelve thousand p.a.	通知列出的租金是每年一万二千。
pseudo-academic	The article hid weak claims behind pseudo-academic language.	文章用伪学术语言掩饰了站不住脚的说法。
cut-rate	They bought cut-rate tickets for the show.	他们买到了这场演出的打折票。
Encl.	She added Encl. at the end of the letter.	她在信末加上了附件标记 Encl.。
D/A	The contract specifies D/A payment terms.	合同规定了以承兑交单方式付款。
b/e	The clerk entered b/e in the bill-of-exchange register.	职员在汇票登记簿中记入了缩写 b/e。
over-demand	The supplier struggled with sudden over-demand.	供应商难以应对突然过量的需求。
below-the-line	The campaign used below-the-line promotional activities.	这次营销使用了线下推广活动。
out-goings	She reviewed her monthly out-goings.	她检查了每月的开支。
cost-effectiveness	The evaluation compared the options' cost-effectiveness.	评估比较了各个方案的成本效益。
c/o	Address the letter to Maya c/o the hotel.	信上写明由酒店转交给玛雅。
walk-out	The dispute led to a brief walk-out.	争端导致了一次短暂罢工。
point-of-sales	The team installed new point-of-sale displays.	团队安装了新的销售点展示架。
lineskipper	The lineskipper annoyed everyone waiting patiently.	插队者惹恼了所有耐心等候的人。
neomercantilist	The essay criticises a neomercantilist trade policy.	这篇文章批评了一项新重商主义贸易政策。
pickup	We arranged a pickup for tomorrow morning.	我们安排了明天早上取货。
despatch	We will despatch the parcel tomorrow.	我们明天会寄出包裹。
characterise	These features characterise the region's architecture.	这些特征体现了该地区建筑的特点。
statical	The engineer completed a statical analysis.	工程师完成了静力分析。
trolly	She pushed the trolly along the platform.	她沿着站台推着手推车。
acoustical	The hall needs better acoustical insulation.	这个大厅需要更好的隔音。
alumna	An alumna returned to address the students.	一位女校友返校向学生们致辞。
avidly	He read the travel journals avidly.	他如饥似渴地阅读那些旅行日记。
bifurcation	The path reaches a bifurcation near the stream.	小路在溪边出现了一个岔口。
burglarize	Someone tried to burglarize the empty house.	有人试图闯入空屋盗窃。
calefaction	The report examined the calefaction of the river.	报告考察了河水温度升高的情况。
cardiopulmonary	The course includes cardiopulmonary anatomy.	这门课程包括心肺解剖学。
centrality	The essay stresses the centrality of trust.	这篇文章强调了信任的核心地位。
collinear	These three points are collinear.	这三个点在同一直线上。
companionate	They enjoyed a warm, companionate marriage.	他们享有温暖、友爱的婚姻生活。
condominium	They bought a small condominium near the station.	他们在车站附近买了一套小公寓。
confederation	The states formed a loose confederation.	这些州组成了一个松散的邦联。
conservatively	She estimated the costs conservatively.	她谨慎地估算了费用。
culpability	The inquiry examined each official's culpability.	调查审查了每位官员的过失责任。
cursorial	The animal has long cursorial limbs.	这种动物有适于奔跑的长肢。
desegregation	The archive records the school's desegregation.	档案记录了学校废除种族隔离的过程。
excluder	A draught excluder fitted beneath the door.	门下装着一条挡风条。
extrapolation	The estimate relies on extrapolation from past data.	这项估计依赖于对过去数据的外推。
follicle	The diagram labels the hair follicle.	图中标出了毛囊。
foraging	The birds spent the morning foraging.	鸟儿们整个早晨都在觅食。
gadgeteering	His hobby of gadgeteering filled the workshop.	他爱发明小装置，整个工作间都摆满了作品。
hydroponic	The greenhouse uses a hydroponic system.	这座温室采用水培系统。
ideographic	The chart compares phonetic and ideographic writing.	图表比较了表音文字与表意文字。
imposition	The extra task felt like an unfair imposition.	额外的任务让人觉得是不公平的强加负担。
incineration	The report examined waste incineration.	报告考察了废物焚烧。
lactation	The textbook includes a chapter on lactation.	教科书有一章讲解泌乳。
lamellar	The material has a lamellar structure.	这种材料具有薄层状结构。
listlessness	His unusual listlessness worried his family.	他异乎寻常的无精打采让家人担心。
lysis	The experiment monitored cell lysis.	实验监测了细胞裂解。
maldistribution	The report identified a maldistribution of resources.	报告发现了资源分配不均的问题。
matriarch	The family gathered around its respected matriarch.	一家人聚在受人尊敬的女家长身边。
millipede	A millipede crawled beneath the leaves.	一条千足虫爬到了树叶下面。
mineralize	Over time, these deposits can mineralize.	随着时间推移，这些沉积物可能矿化。
noncommercial	The licence permits noncommercial use.	许可证允许非商业使用。
operagoer	The regular operagoer recognised the soprano immediately.	那位常看歌剧的观众立刻认出了女高音。
overcapitalize	The owners were warned not to overcapitalize the business.	业主受到提醒，不要对企业投入过多资本。
overpayment	The invoice shows an accidental overpayment.	发票显示了一笔意外的多付款。
perceptibly	The room grew perceptibly warmer.	房间明显变暖了。
personhood	The seminar explored philosophical ideas of personhood.	研讨会探讨了关于人格的哲学观念。
preflight	The pilot completed the preflight checks.	飞行员完成了起飞前检查。
pressboard	The cover was made of sturdy pressboard.	封面由结实的压制纸板制成。
refiner	The refiner processes raw sugar.	这家精炼厂加工原糖。
regionalization	The plan proposed regionalization of public services.	计划提出对公共服务实行区域化管理。
repousse	The silver bowl features elaborate repousse decoration.	这只银碗有精美的锤揲凸纹装饰。
resuscitation	The training room contained a resuscitation manikin.	培训室里有一个复苏训练人体模型。
sacralization	The essay examines the sacralization of political authority.	这篇文章考察了政治权力的神圣化。
salable	The repaired furniture is now salable.	修好的家具现在可以出售了。
scrubber	The factory installed a new gas scrubber.	工厂安装了一台新的气体洗涤器。
shortfall	The budget shows a small shortfall.	预算显示有一小笔缺口。
songbird	A songbird sang outside the window.	一只鸣禽在窗外歌唱。
startlingly	The two paintings are startlingly different.	这两幅画的差异惊人。
stave	One wooden stave had split.	一块桶板裂开了。
stinger	The diagram shows the insect's stinger.	图中展示了昆虫的螫针。
unconfined	The horses roamed unconfined across the meadow.	马儿们在草地上自由漫步。
undercapitalize	Do not undercapitalize the new venture.	不要让这个新项目投入资本不足。
unionist	The unionist spoke on behalf of the workers.	工会成员代表工人发言。
vertice	Mark each vertex of the triangle.	标出三角形的每一个顶点。
warbler	A warbler sang from the hedge.	一只莺在树篱里歌唱。
downsizing	The downsizing affected several departments.	裁员影响了几个部门。
radiometric	The team used radiometric measurements.	团队使用了辐射测量数据。
Pleistocene	The fossils date from the Pleistocene.	这些化石可追溯至更新世。
archaeopteryx	The exhibit includes a cast of Archaeopteryx.	展览中有一件始祖鸟化石铸模。
boll	The cotton boll began to open.	棉铃开始绽开。
lepidopter	A colourful lepidopter rested on the flower.	一只色彩鲜艳的鳞翅目昆虫停在花上。
myrmecophagous	The study examined the animal's myrmecophagous diet.	这项研究考察了这种动物以蚂蚁为食的习性。
bubonic	The historian studied accounts of bubonic plague.	历史学家研究了有关腺鼠疫的记述。
hypertherm	The medical museum displayed an old hypertherm.	医学博物馆展出了一台旧式人工发热机。
ibuprofen	The pharmacist checked the ibuprofen label.	药剂师检查了布洛芬的标签。
aliquant	Four is an aliquant part of ten.	四不能整除十。
aliquot	The technician measured an aliquot of the sample.	技术员量取了样品的一份等分试样。
factorization	The lesson introduces prime factorization.	这节课介绍质因数分解。
binomial	We expanded the binomial expression.	我们展开了这个二项式。
bisector	Draw the bisector of this angle.	画出这个角的平分线。
endpoint	Label the endpoint of the segment.	标出这条线段的端点。
transversal	A transversal crosses two parallel lines.	一条截线穿过两条平行线。
nonagon	She drew a regular nonagon.	她画了一个正九边形。
chronical	The old report describes a chronical complaint.	那份旧报告描述了一种慢性病症。
single-entry	The shop used a single-entry bookkeeping system.	这家店使用单式簿记系统。
bring about	Small changes can bring about lasting improvements.	小改变可以带来持久的改善。
paleozoologist	The paleozoologist examined the fossil bones.	古动物学家检查了化石骨骼。
better-off	The survey compared poorer and better-off households.	调查比较了贫困家庭与较富裕家庭。
compensatorily	The remaining system responded compensatorily to the loss.	剩余系统对损失作出了补偿性反应。
y-axis	Plot temperature on the y-axis.	把温度绘制在纵轴上。
VCD	We found an old VCD of the concert.	我们找到了一张录有这场音乐会的旧 VCD。
adj.	The dictionary labels the word adj.	词典将这个词标为形容词。
encrust	Mineral deposits can encrust the pipe.	矿物沉积物会在管道上结壳。
patriarchic	The novel depicts a strict patriarchic household.	小说描绘了一个严苛的家长制家庭。
apportionment	They agreed on the apportionment of costs.	他们就费用分摊达成了一致。
opal	Her ring contained a pale opal.	她的戒指上镶着一颗浅色蛋白石。
externality	The textbook uses pollution as an example of an externality.	教科书以污染为例说明外部性。
cascara	The historical pharmacy collection included cascara.	那批历史药房藏品中有鼠李皮制剂。
bluster	He tried to bluster his way past the guard.	他试图靠虚张声势越过警卫。
inactivate	The process aims to inactivate the enzyme.	这个过程旨在使酶失活。
grump	He began to grump about the weather.	他开始抱怨天气。
diction	Her clear diction made every word audible.	她清晰的吐字让每个词都听得清楚。
reliever	The coach called in a relief pitcher as the reliever.	教练叫了一名替补投手上场接替。
afoul	The proposal ran afoul of existing rules.	这项提案与现行规则相冲突。
outgas	Some materials outgas in a vacuum.	有些材料会在真空中释出气体。
Mesolithic	The museum displayed Mesolithic stone tools.	博物馆展出了中石器时代的石器。
focalize	The director chose to focalize the story through the child.	导演选择通过孩子的视角来呈现故事。
ideomotor	The experiment examined an ideomotor response.	实验考察了一种观念运动反应。
sledding	The negotiations faced tough sledding.	谈判进展艰难。
spinet	A small spinet stood by the window.	窗边放着一架小型钢琴。
ideologically	The two parties are ideologically opposed.	这两个政党在意识形态上对立。
immersive	The museum offers an immersive sound installation.	博物馆提供了一项沉浸式声音装置体验。
proximately	The two events are proximately related in time.	这两个事件在时间上紧密相邻。
narration	Her calm narration guided the audience through the film.	她平静的旁白引导观众看完整部影片。
firmness	The chair's firmness supported his back.	椅子的坚实程度为他的背部提供了支撑。
hurrah	The children shouted hurrah at the news.	孩子们听到消息后欢呼起来。
capacitance	The meter measures electrical capacitance.	这台仪表测量电容。
afflict	Drought can afflict the entire region.	干旱会使整个地区遭殃。
consign	They will consign the goods to a local agent.	他们将把货物托运给当地代理商。
destine	His early choices seemed to destine him for adventure.	他早年的选择似乎注定了他的冒险生涯。
sophisticate	As a seasoned sophisticate, she knew the city's best galleries.	作为见多识广的人，她熟知城里最好的画廊。
prefabricate	The factory can prefabricate the wall panels.	这家工厂能预制墙板。
repack	I had to repack my suitcase.	我不得不重新整理行李箱。
credential	The guard checked her credential.	警卫检查了她的证件。
walrus	A walrus rested on the ice.	一只海象在冰上休息。
mastodon	The museum displayed a mastodon skeleton.	博物馆展出了一具乳齿象骨架。
zygote	The diagram shows the formation of a zygote.	图中展示了受精卵的形成。
antic	His antic movements delighted the children.	他滑稽的动作逗乐了孩子们。
gall	His smug reply had the power to gall her.	他自鸣得意的回答足以惹恼她。
flak	The proposal drew flak from several critics.	这项提议招致了几位评论家的猛烈批评。
grille	Air flowed through the metal grille.	空气穿过金属格栅流通。
fluster	Unexpected interruptions rarely fluster her.	意外的打断很少使她慌乱。
muckrake	The newspaper promised to muckrake wherever corruption appeared.	这家报纸承诺，只要出现腐败就揭露丑闻。
layabout	His brother resented being called a layabout.	他弟弟讨厌被叫作游手好闲的人。
craven	The novel condemns the official's craven surrender.	小说谴责了那位官员怯懦的屈服。
harrow	The farmer pulled a harrow across the field.	农民拖着耙耕整田地。
indent	Please indent the first line.	请把第一行缩进。
aborigine	The historical document uses the dated label aborigine.	这份历史文献使用了过时的称呼 aborigine。
cur	A snarling cur blocked the alley.	一只咆哮的恶狗挡住了巷子。
allegation	She firmly denied the allegation.	她坚决否认了这项指控。
corrugate	The rollers corrugate the sheet metal.	滚轮把金属薄板压成波纹状。
calcify	These deposits can calcify over time.	这些沉积物会随着时间推移而钙化。
pullulate	The ponds pullulate with tiny creatures.	池塘里繁生着微小生物。
piddle	Don't piddle away the whole afternoon.	别把整个下午都浪费掉。
stonewall	The spokesperson continued to stonewall the reporters.	发言人继续拒绝向记者提供信息。
debouch	The streams debouch into a broad valley.	这些溪流流入一个宽阔的山谷。
garble	A poor connection can garble the message.	连接不良会使信息失真。
bate	She would not bate her demands.	她不愿降低自己的要求。
congest	Delivery vans often congest this narrow street.	送货车常使这条窄街拥堵。
straiten	Rising costs can straiten a family's finances.	成本上涨会使家庭经济陷入困境。
lop	We need to lop the damaged branches.	我们需要剪掉受损的树枝。
overreach	The company must not overreach its resources.	公司不能超出自身资源能力。
stylize	The artist chose to stylize the animal shapes.	艺术家选择将动物形态风格化。
disaffect	Unfair treatment can disaffect loyal employees.	不公平的待遇会使忠诚的员工产生不满。
dilapidate	Years of neglect can dilapidate a fine house.	多年的疏于维护会使好房子破败。
munition	The catalogue lists each type of munition.	目录列出了每一种军需品。
appall	Such cruelty would appall anyone.	这样的残忍会使任何人震惊。
hallow	The community gathers to hallow the memorial.	社区居民聚集起来向纪念碑致敬。
disgruntle	Repeated cancellations can disgruntle loyal customers.	反复取消会令忠实顾客不满。
passe	That style now seems passe.	那种风格现在显得过时了。
overbear	His loud voice could overbear every objection.	他的大嗓门能压过每一个反对声音。
excruciate	Persistent doubts continued to excruciate him.	挥之不去的疑虑继续折磨着他。
aggrieve	The unfair decision would aggrieve any employee.	这个不公平的决定会让任何员工感到委屈。
protozoan	A protozoan moved under the microscope.	显微镜下一只原生动物在移动。
superannuate	The institution planned to superannuate its ageing equipment.	该机构计划淘汰老化的设备。
premeditate	The detective asked whether he had time to premeditate.	侦探问他是否有时间预谋。
slug	The angry man tried to slug the wall.	愤怒的男人试图用拳猛击墙壁。
disenchant	The poor performance could disenchant loyal supporters.	糟糕的表现会使忠实支持者失望。
coda	The piece ends with a lively coda.	这首乐曲以一段活泼的尾声结束。
foist	Do not foist your chores on others.	不要把自己的家务强加给别人。
dishevel	The strong wind will dishevel your hair.	强风会吹乱你的头发。
scissor	The stylist used a careful scissor technique.	发型师使用了细致的剪发技巧。
striate	Fine grooves striate the rock surface.	细槽在岩石表面形成条纹。
infatuate	The promise of fame can infatuate young performers.	成名的诱惑会使年轻表演者着迷。
virtu	The collector displayed several objects of virtu.	收藏者展示了几件珍奇古玩。
butte	A solitary butte rose from the plain.	一座孤峰从平原上耸起。
joggle	Do not joggle the table while I draw.	我画画时不要晃桌子。
enthusiast	The railway enthusiast photographed every locomotive.	那位铁路爱好者给每台机车都拍了照。
arrear	The tenant paid the rent in arrear.	租户补付了拖欠的房租。
auspice	They welcomed the sunrise as a favourable auspice.	他们把日出视为吉兆而欣然迎接。
outstretch	She began to outstretch her arms.	她开始伸展双臂。
descendent	A descendent of the family returned to the village.	这个家族的一位后裔回到了村子。
urchin	A sea urchin clung to the rock.	一只海胆附着在岩石上。
attache	The cultural attache welcomed the visiting artists.	文化专员欢迎来访的艺术家。
prepossess	Her kindness could prepossess anyone in her favour.	她的善意会使任何人先对她产生好感。
enamor	The beautiful landscape could enamor any visitor.	美丽的风景会使任何游客倾心。
antiquate	Rapid change can antiquate yesterday's methods.	迅速的变化会使昨天的方法过时。
CAD	The engineer designed the part using CAD.	工程师使用计算机辅助设计来设计零件。
leaver	Each school leaver received careers advice.	每位离校生都获得了职业建议。
binder	She filed the notes in a binder.	她把笔记放进活页夹。
riverboat	The riverboat stopped at a small landing.	内河船在一个小码头停靠。
skeptic	Even the skeptic found the evidence convincing.	就连怀疑者也觉得证据有说服力。
steppe	Horses grazed on the open steppe.	马群在开阔的干草原上吃草。
armor	The museum displayed a suit of armor.	博物馆展出了一套盔甲。
regeneration	The plan supports regeneration of the old harbour.	这个计划支持旧港区的更新。
slag	The workers removed slag from the furnace.	工人们从熔炉中清除了炉渣。
uprising	The novel describes a failed uprising.	小说描述了一次失败的起义。
postscript	She added a friendly postscript.	她补写了一段亲切的附言。
renovation	The library closed for renovation.	图书馆因翻修而关闭。
wrought	The artist wrought a delicate silver ring.	艺术家精心打造了一枚精巧的银戒指。
commuter	The tired commuter boarded the early train.	疲惫的通勤者登上了早班火车。
periodically	The system checks for errors periodically.	系统定期检查错误。
suppression	The report criticised the suppression of evidence.	报告批评了隐瞒证据的行为。
precipitation	The station measures daily precipitation.	观测站测量每日降水量。
tome	She opened a heavy historical tome.	她打开了一本厚重的历史巨著。
exploitation	The campaign opposes the exploitation of workers.	这场运动反对剥削工人。
gill	The drawing labels a fish's gill.	图中标出了一条鱼的鳃。
refresher	He enrolled in a refresher course.	他报名参加了一门进修课程。
trapeze	The acrobat swung from a trapeze.	杂技演员在高空秋千上荡起。
in addition	In addition, we need more chairs.	此外，我们还需要更多椅子。
booming	The town has a booming tourist industry.	这个小镇的旅游业蓬勃发展。
in accordance with	We acted in accordance with the agreement.	我们按照协议行事。
at random	She chose a card at random.	她随机选了一张卡片。
maximise	This layout will maximise the available space.	这种布局能最大限度利用现有空间。
guinea	The old catalogue priced the painting at one guinea.	那份旧目录将这幅画标价为一几尼。
prohibitively	The repairs were prohibitively expensive.	维修费用高得令人难以承受。
radically	The design changed radically after testing.	测试后，设计发生了根本变化。
headquarter	The company will headquarter its team in Leeds.	公司将把团队总部设在利兹。
assuming	Assuming the weather holds, we will leave tomorrow.	假如天气不变，我们明天出发。
buggy	A horse pulled the small buggy.	一匹马拉着小型轻便马车。
peddling	He earned money peddling fruit.	他靠沿街卖水果挣钱。
molar	The dentist examined the cracked molar.	牙医检查了裂开的臼齿。
entrenched	The practice was deeply entrenched.	这种做法已根深蒂固。
lank	Rain flattened his lank hair.	雨水把他平直的头发压得贴在头上。
fledged	The newly fledged bird left the nest.	羽翼初丰的小鸟离开了巢。
allegro	The orchestra played the movement allegro.	乐队以快板速度演奏这个乐章。
lackey	The villain ordered his lackey to wait outside.	反派命令他的仆从在外面等候。
mermaid	The child drew a smiling mermaid.	孩子画了一条微笑的美人鱼。
shale	Thin layers of shale lined the cliff.	崖壁上分布着薄薄的页岩层。
spat	They had a brief spat over parking.	他们为停车的事短暂争吵了一番。
weasel	A weasel darted into the hedge.	一只鼬鼠窜进了树篱。
tache	A dark tache marked the old fabric.	旧布料上留着一块深色污斑。
cog	A broken cog stopped the mechanism.	一个损坏的齿轮齿使机械停转了。
nymph	The statue depicts a woodland nymph.	雕像描绘了一位林间仙女。
leprosy	The museum documents the history of leprosy.	博物馆记录了麻风病的历史。
emetic	The old medical text mentions an emetic.	那本旧医学著作提到了一种催吐剂。
pediatrics	She chose to specialise in pediatrics.	她选择专攻儿科学。
lavender	The garden smelled of fresh lavender.	花园里弥漫着新鲜薰衣草的香气。
voyeur	The film makes the viewer question the role of a voyeur.	这部电影让观众反思窥视者的角色。
kayak	We paddled a kayak across the lake.	我们划皮艇穿过湖面。
conciliation	They sought conciliation after the dispute.	争执之后，他们寻求和解。
ferret	A playful ferret explored the room.	一只顽皮的雪貂探索着房间。
cuticle	The diagram shows the leaf's protective cuticle.	图中展示了叶片起保护作用的角质层。
botulism	The lecture examined the history of botulism.	讲座考察了肉毒中毒的历史。
lathe	The carpenter shaped the wood on a lathe.	木匠在车床上加工木料。
mote	A tiny mote floated in the sunlight.	一粒微尘在阳光中飘浮。
debutante	The debutante greeted the guests nervously.	初次进入社交界的少女紧张地问候宾客。
interpolation	The estimate used interpolation between known values.	这项估计在已知值之间使用了插值法。
girdle	A green girdle of trees surrounds the town.	一条绿色林带环绕着小镇。
pawn	She moved a pawn forward.	她把一枚兵向前移动。
zenith	The sun approached its zenith.	太阳逐渐接近天顶。
perturbation	A small perturbation changed the orbit.	一个微小的扰动改变了轨道。
moiety	The chemist identified the sugar moiety.	化学家识别出了其中的糖基部分。
detractor	Even his strongest detractor praised the result.	连最强烈批评他的人都赞扬了这个结果。
sepulcher	The ancient sepulcher stood beyond the walls.	古墓坐落在城墙之外。
pacifier	The baby dropped the pacifier.	婴儿掉了安抚奶嘴。
astrolabe	The navigator examined an antique astrolabe.	航海者仔细查看了一只古老的星盘。
niggling	A niggling doubt troubled her.	一丝挥之不去的疑虑困扰着她。
sensuality	The painting conveys warmth and sensuality.	这幅画传达了温暖和感官之美。
animation	The children enjoyed the colourful animation.	孩子们喜欢这部色彩鲜艳的动画。
aggregation	The analysis begins with data aggregation.	分析从数据汇总开始。
philately	His interest in philately began in childhood.	他对集邮的兴趣始于童年。
rigidity	The frame's rigidity prevents unwanted movement.	框架的刚性防止了不必要的移动。
makeshift	They built a makeshift shelter.	他们搭了一个临时避难所。
gripe	Her main gripe concerned the slow service.	她主要抱怨服务太慢。
ingress	The seal prevents the ingress of water.	密封圈防止水进入。
mew	We heard a kitten mew outside.	我们听见一只小猫在外面喵喵叫。
dichotomy	The essay challenges the dichotomy between art and science.	这篇文章质疑了艺术与科学之间的二分法。
cravat	He wore a silk cravat.	他系着一条丝绸领巾。
aesthetics	The course introduces the philosophy of aesthetics.	这门课程介绍美学哲学。
mason	The mason repaired the stone wall.	石匠修好了石墙。
falsification	The inquiry uncovered falsification of records.	调查揭露了伪造记录的行为。
sibyl	The legend describes a wise sibyl.	传说描绘了一位睿智的女预言者。
distension	The experiment measured the balloon's distension.	实验测量了气球的膨胀。
cavalier	His cavalier attitude worried the careful planners.	他漫不经心的态度令谨慎的策划者担心。
nonage	His guardian managed the estate during his nonage.	在他未成年期间，监护人管理着庄园。
silva	The botanist described the island's silva.	植物学家描述了岛上的森林树木。
infidelity	The novel explores the consequences of infidelity.	小说探讨了不忠的后果。
jigsaw	We completed the jigsaw together.	我们一起完成了拼图。
lynch	The sheriff prevented the mob from trying to lynch him.	治安官制止了暴民对他施以私刑的企图。
executioner	The play questions the executioner's loyalty.	这部戏质疑了行刑者的忠诚。
treacle	She added treacle to the cake mixture.	她把糖蜜加入蛋糕混合料。
coterie	A small coterie of artists met regularly.	一小群艺术家定期聚会。
presenter	The presenter introduced the next guest.	主持人介绍了下一位嘉宾。
dredger	A dredger cleared mud from the channel.	挖泥船清除了航道中的淤泥。
nestling	The nestling opened its beak for food.	雏鸟张嘴等待食物。
ballroom	The dancers filled the ballroom.	舞者们挤满了舞厅。
colt	The colt galloped across the field.	小公马奔过田野。
stipend	The internship provides a modest stipend.	这份实习提供一笔不多的津贴。
metaphysics	The seminar explored questions in metaphysics.	研讨会探讨了形而上学问题。
declamation	His dramatic declamation startled the audience.	他戏剧化的朗诵使观众吃惊。
emendation	The editor proposed a small emendation.	编辑提出了一处小的校订。
grindstone	He sharpened the tool on a grindstone.	他在磨刀石上磨利了工具。
compressor	The compressor started with a loud hum.	压缩机发出很响的嗡嗡声，启动了。
denture	The technician adjusted the denture.	技术员调整了义齿。
maestro	The maestro raised his baton.	指挥大师举起了指挥棒。
dumps	He felt down in the dumps.	他感到情绪低落。
inferno	The old warehouse became an inferno.	旧仓库变成了一片火海。
etymology	She researched the word's etymology.	她研究了这个词的词源。
lark	A lark sang above the meadow.	一只云雀在草地上空歌唱。
encomium	The speech was an encomium to their courage.	这篇演讲赞颂了他们的勇气。
tusk	The elephant had a damaged tusk.	那头大象有一根受损的长牙。
bracing	We enjoyed a bracing walk by the sea.	我们在海边散步，感到神清气爽。
anodyne	The official offered an anodyne response.	官员给出了一个不痛不痒的回答。
trailer	We watched the film's new trailer.	我们看了这部电影的新预告片。
soliloquy	The actor delivered a moving soliloquy.	演员作了一段感人的独白。
sect	The historian studied a small religious sect.	历史学家研究了一个小宗派。
slur	She rejected the slur on her character.	她拒绝接受对自己品格的诽谤。
slew	The storm caused a slew of delays.	暴风雨造成了大量延误。
arrogate	He tried to arrogate all authority to himself.	他试图把所有权力据为己有。
confide	She chose to confide in her sister.	她选择向姐姐倾诉。
woo	The shop offered discounts to woo customers.	商店提供折扣来吸引顾客。
inflame	Careless remarks can inflame the dispute.	轻率的言论会激化争端。
tang	The sauce had a sharp citrus tang.	酱汁带有强烈的柑橘酸味。
douse	They used water to douse the flames.	他们用水扑灭了火焰。
iterate	We will iterate on the design.	我们将反复改进这个设计。
hash	They stayed late to hash out the details.	他们留下来直到很晚，讨论并敲定细节。
belligerence	His belligerence derailed the discussion.	他的好斗使讨论偏离了轨道。
enlightening	The museum visit was genuinely enlightening.	这次博物馆参观确实令人增长见识。
intemperance	His intemperance in debate alienated his allies.	他在辩论中的不节制疏远了盟友。
exuberance	The puppy greeted us with exuberance.	小狗兴高采烈地迎接我们。
digressive	Her digressive account wandered away from the question.	她离题的叙述偏离了问题。
fused	The two pieces were fused together.	这两个部件被熔接在一起。
dint	She succeeded by dint of hard work.	她凭借勤奋获得了成功。
confidently	He answered the question confidently.	他自信地回答了问题。
hie	We must hie home before dark.	我们必须在天黑前赶回家。
mete	The judge would mete out a proportionate penalty.	法官将作出相称的处罚。
escalation	The talks sought to prevent further escalation.	会谈旨在防止局势进一步升级。
elate	Such good news would elate anyone.	这样的好消息会让任何人欢欣鼓舞。
musket	The museum displayed an antique musket.	博物馆展出了一支古老的火枪。
intruding	Sorry for intruding on your meeting.	抱歉打扰了你们的会议。
lymphatic	The diagram shows the lymphatic system.	图中展示了淋巴系统。
attenuation	The test measured sound attenuation through the wall.	测试测量了声音穿过墙体时的衰减。
zoom	Use the wheel to zoom in.	使用滚轮放大。
formidably	The exam was formidably difficult.	这场考试难得令人畏惧。
euphoric	The winners were euphoric after the race.	比赛结束后，获胜者欣喜若狂。
discomfited	The unexpected question left him discomfited.	意外的问题使他感到窘迫。
stinginess	His stinginess spoiled the celebration.	他的吝啬破坏了庆祝的气氛。
short-sightedness	The decision revealed alarming short-sightedness.	这个决定显露出令人担忧的目光短浅。
inherently	No method is inherently perfect.	没有哪种方法天生完美。
crib	The baby slept in the crib.	婴儿睡在婴儿床里。
extirpation	The project aims at the extirpation of invasive weeds.	该项目旨在根除入侵杂草。
quondam	Her quondam rival became a trusted friend.	她昔日的对手成了一位可信赖的朋友。
brightness	She adjusted the screen's brightness.	她调整了屏幕亮度。
adhesion	The coating improves paint adhesion.	这种涂层增强了油漆的附着力。
convergence	The map shows the convergence of three rivers.	地图显示了三条河流的汇合。
expanse	A vast expanse of snow stretched ahead.	一大片雪原延伸在前方。
arbor	We rested beneath a shady arbor.	我们在阴凉的藤架下休息。
pentagon	The child drew a regular pentagon.	孩子画了一个正五边形。
divers	The old traveller told divers tales.	那位老旅行者讲了各种各样的故事。
account for	Please account for the missing equipment.	请解释一下设备丢失的原因。
pancake	She flipped the pancake carefully.	她小心地给薄饼翻面。
skillfully	The carpenter skillfully repaired the joint.	木匠熟练地修好了接头。
softball	They play softball on Sundays.	他们每周日打垒球。
subtraction	The children practised simple subtraction.	孩子们练习了简单的减法。
willingness	We appreciated her willingness to help.	我们感谢她乐于帮忙。
factoring	The company considered factoring its unpaid invoices.	公司考虑将未收款发票交由保理处理。
viability	The study assessed the project's viability.	这项研究评估了项目的可行性。
bailment	The agreement records a bailment of goods.	协议记录了一项货物寄托安排。
recruitment	The firm announced a new recruitment campaign.	公司宣布开展新一轮招聘。
volatility	The chart shows considerable price volatility.	图表显示价格波动相当大。
healthcare	The report examines access to healthcare.	报告考察了医疗服务的可及性。
listing	The website provides a listing of local events.	网站提供了当地活动的清单。
licensee	The licensee agreed to the revised conditions.	被许可方同意了修订后的条件。
mediation	Both parties agreed to mediation.	双方都同意接受调解。
PA	Her PA arranged the appointments.	她的私人助理安排了预约。
inefficiency	The review identified inefficiency in the process.	评审发现了流程中的低效问题。
amalgamation	The amalgamation brought two small clubs together.	这次合并将两个小俱乐部结合起来。
newsagent	I bought a newspaper from the newsagent.	我从报刊经销商那里买了一份报纸。
liberalization	The report discussed trade liberalization.	报告讨论了贸易自由化。
ERP	The company introduced an ERP system.	公司引入了一套企业资源计划系统。
take-up	The survey measured take-up of the new service.	调查测量了新服务的使用情况。
blue-collar	The programme supports blue-collar workers.	这个项目支持蓝领工人。
madame	Welcome to our little shop, madame.	女士，欢迎来到我们的小店。
analog	He prefers an analog clock.	他更喜欢指针式时钟。
vs.	The poster announced Tigers vs. Eagles.	海报宣布了猛虎队对雄鹰队的比赛。
gage	He offered his ring as a gage.	他拿出戒指作为抵押物。
a.	The Catholic attended the evening service.	这位天主教徒参加了晚间礼拜。
adapter	You need an adapter for this socket.	这个插座需要一个转换插头。
bluegrass	The band played lively bluegrass music.	乐队演奏了欢快的蓝草音乐。
chaise	She rested on a long chaise.	她在一张长躺椅上休息。
complainant	The complainant submitted a written statement.	投诉人提交了一份书面陈述。
conscription	The historian examined wartime conscription.	历史学家研究了战时征兵。
eradication	The campaign focuses on the eradication of illiteracy.	这场运动致力于消除文盲。
handlebar	He adjusted the bicycle's handlebar.	他调整了自行车的车把。
hypertension	The study examined the prevalence of hypertension.	这项研究考察了高血压的患病率。
irradiation	The experiment measured changes after irradiation.	实验测量了辐照后的变化。
linkage	The study explores the linkage between transport and growth.	这项研究探讨交通与增长之间的联系。
peat	The wetland contains deep layers of peat.	这片湿地含有深厚的泥炭层。
poacher	The ranger spotted a poacher near the boundary.	护林员在边界附近发现了一名偷猎者。
reorganization	The department announced a major reorganization.	部门宣布进行重大重组。
undeterred	Undeterred by rain, they continued walking.	他们不因下雨而退却，继续步行。
versatility	The tool's versatility impressed the workers.	这个工具的多功能性给工人们留下了深刻印象。
unpatriotic	She rejected the claim that criticism was unpatriotic.	她反对把批评视为不爱国的说法。
ribosome	The model shows the structure of a ribosome.	模型展示了核糖体的结构。
milkweed	Butterflies gathered around the milkweed.	蝴蝶聚集在马利筋周围。
tyrannosaurus	The exhibit features a tyrannosaurus skeleton.	展览中有一具霸王龙骨架。
serotonin	The lecture discussed the neurotransmitter serotonin.	讲座讨论了神经递质血清素。
tangency	Mark the point of tangency.	标出切点。
insofar as	I agree insofar as the evidence supports the claim.	就证据支持这个说法的范围而言，我同意。
modeling	The course introduces basic mathematical modeling.	这门课程介绍基础数学建模。
constricted	The narrow passage felt constricted.	狭窄的通道让人感到局促。
dysfunction	The report identified organisational dysfunction.	报告发现了组织运作失调的问题。
alternatively	Alternatively, we could take the bus.	或者，我们也可以坐公共汽车。
chronically	The office is chronically understaffed.	办公室长期人手不足。
datum	One datum alone cannot establish a trend.	单个数据点不足以确立一种趋势。
boiler	The engineer inspected the old boiler.	工程师检查了旧锅炉。
propagation	The chapter explains plant propagation.	这一章讲解植物繁殖。
panther	A panther moved silently through the forest.	一只豹无声地穿过森林。
blond	The child had soft blond hair.	这个孩子有一头柔软的金发。
esthetic	The choice was primarily esthetic.	这个选择主要出于审美考虑。
